state,instance,optimizer_seed,generation,population_index,fraction,n,b,repeat,action,rng_seed,region_seconds,makespan_improvement,tec_improvement,hv_gain_per_allowed_decode,attempts,evaluated,outside,noop,duplicate,decodes,gain,gain_per_decode,gain_per_budget,wall_seconds
Mk01-1401-0,Mk01,1401,0,18,0.25,1,4,0,K0.25-N1-b4,2324261536617354013,1.7099999240599573e-05,0.011635722798673828,0.0,0.0002884912960439386,160,2,157,1,0,2,0.0011539651841757544,0.0005769825920878772,0.0002884912960439386,0.005535899996175431
Mk01-1401-0,Mk01,1401,0,18,0.25,1,4,1,K0.25-N1-b4,8762580324071416306,1.7099999240599573e-05,0.0,0.0,0.0,160,0,160,0,0,0,0.0,,0.0,0.0037712999983341433
Mk01-1401-0,Mk01,1401,0,18,0.25,1,4,2,K0.25-N1-b4,10497823637140662663,1.5899997379165143e-05,0.0,0.0,0.0,160,1,158,1,0,1,0.0,0.0,0.0,0.005585899998550303
Mk01-1401-0,Mk01,1401,0,18,0.25,1,4,3,K0.25-N1-b4,8105449117995502925,1.7400001524947584e-05,0.0,0.0,0.0,160,0,159,1,0,0,0.0,,0.0,0.0037940999973216094
Mk01-1401-0,Mk01,1401,0,18,0.25,1,12,0,K0.25-N1-b12,2324261536617354013,1.599999814061448e-05,0.011635722798673828,0.013827935830837345,0.00022284634167571744,480,3,475,2,0,3,0.0026741561001086094,0.0008913853667028697,0.00022284634167571744,0.015096400005859323
Mk01-1401-0,Mk01,1401,0,18,0.25,1,12,1,K0.25-N1-b12,8762580324071416306,1.8800004909280688e-05,0.01759479442614992,0.016361575913393177,0.00030695963321985967,480,2,477,1,0,2,0.003683515598638316,0.001841757799319158,0.00030695963321985967,0.013796999999613035
Mk01-1401-0,Mk01,1401,0,18,0.25,1,12,2,K0.25-N1-b12,10497823637140662663,1.930000144056976e-05,0.0,0.0,0.0,480,2,476,1,1,2,0.0,0.0,0.0,0.013857199999620207
Mk01-1401-0,Mk01,1401,0,18,0.25,1,12,3,K0.25-N1-b12,8105449117995502925,4.02999939979054e-05,0.0116357227986737,0.011060439635174786,0.00019985937108426776,480,3,472,5,0,3,0.0023983124530112133,0.0007994374843370711,0.00019985937108426776,0.013944599995738827
Mk01-1401-0,Mk01,1401,0,18,0.25,2,4,0,K0.25-N2-b4,12735113657287176581,1.68999977177009e-05,0.0,0.0,0.0,160,0,160,0,0,0,0.0,,0.0,0.006107000001065899
Mk01-1401-0,Mk01,1401,0,18,0.25,2,4,1,K0.25-N2-b4,6940528952734316633,2.099999983329326e-05,0.0,0.0,0.0,160,0,159,1,0,0,0.0,,0.0,0.00499629999831086
Mk01-1401-0,Mk01,1401,0,18,0.25,2,4,2,K0.25-N2-b4,13665589293163928630,1.5900004655122757e-05,0.0,0.0,0.0,160,0,160,0,0,0,0.0,,0.0,0.005000000004656613
Mk01-1401-0,Mk01,1401,0,18,0.25,2,4,3,K0.25-N2-b4,16829025336410670409,1.599999814061448e-05,0.0,0.0,0.0,160,0,160,0,0,0,0.0,,0.0,0.005931899999268353
Mk01-1401-0,Mk01,1401,0,18,0.25,2,12,0,K0.25-N2-b12,12735113657287176581,2.0300001779105514e-05,0.0,0.0,0.0,480,0,480,0,0,0,0.0,,0.0,0.0156760999961989
Mk01-1401-0,Mk01,1401,0,18,0.25,2,12,1,K0.25-N2-b12,6940528952734316633,2.099999983329326e-05,0.0,0.0,0.0,480,0,479,1,0,0,0.0,,0.0,0.016014000000723172
Mk01-1401-0,Mk01,1401,0,18,0.25,2,12,2,K0.25-N2-b12,13665589293163928630,2.1899999410379678e-05,0.0,0.0,0.0,480,0,480,0,0,0,0.0,,0.0,0.016371199999412056
Mk01-1401-0,Mk01,1401,0,18,0.25,2,12,3,K0.25-N2-b12,16829025336410670409,2.1100000594742596e-05,0.0,0.0,0.0,480,0,480,0,0,0,0.0,,0.0,0.01549420000083046
Mk01-1401-0,Mk01,1401,0,18,0.25,3,4,0,K0.25-N3-b4,1733738911153528775,2.0799998310394585e-05,0.047305426426646924,0.12958611524667882,0.005954820152012338,16,4,12,0,0,4,0.023819280608049352,0.005954820152012338,0.005954820152012338,0.003722300003573764
Mk01-1401-0,Mk01,1401,0,18,0.25,3,4,1,K0.25-N3-b4,10666902044633362597,1.630000042496249e-05,0.047305426426646924,0.12958611524667882,0.005954820152012338,42,4,38,0,0,4,0.023819280608049352,0.005954820152012338,0.005954820152012338,0.004261499998392537
Mk01-1401-0,Mk01,1401,0,18,0.25,3,4,2,K0.25-N3-b4,15892319923417842697,1.6399993910454214e-05,0.058941149225320746,0.03285081817424713,0.0027788654290347467,26,4,21,0,1,4,0.011115461716138987,0.0027788654290347467,0.0027788654290347467,0.0038501000017276965
Mk01-1401-0,Mk01,1401,0,18,0.25,3,4,3,K0.25-N3-b4,2802737397137948499,1.68999977177009e-05,0.011889901209324365,0.011838965726000378,0.0006284127066087989,16,4,12,0,0,4,0.0025136508264351955,0.0006284127066087989,0.0006284127066087989,0.0049011999944923446
Mk01-1401-0,Mk01,1401,0,18,0.25,3,12,0,K0.25-N3-b12,1733738911153528775,1.68999977177009e-05,0.07083105043464512,0.12958611524667882,0.0023228990080019093,156,12,120,0,24,12,0.02787478809602291,0.0023228990080019093,0.0023228990080019093,0.01390710000123363
Mk01-1401-0,Mk01,1401,0,18,0.25,3,12,1,K0.25-N3-b12,10666902044633362597,1.8300001102034003e-05,0.07083105043464512,0.12958611524667882,0.0023228990080019093,113,12,89,0,12,12,0.02787478809602291,0.0023228990080019093,0.0023228990080019093,0.012969600000360515
Mk01-1401-0,Mk01,1401,0,18,0.25,3,12,2,K0.25-N3-b12,15892319923417842697,1.720000000204891e-05,0.07083105043464512,0.12958611524667882,0.0023228990080019093,70,12,52,0,6,12,0.02787478809602291,0.0023228990080019093,0.0023228990080019093,0.011881300000823103
Mk01-1401-0,Mk01,1401,0,18,0.25,3,12,3,K0.25-N3-b12,2802737397137948499,1.720000000204891e-05,0.07083105043464512,0.12958611524667882,0.0023228990080019093,186,12,138,0,36,12,0.02787478809602291,0.0023228990080019093,0.0023228990080019093,0.015027800000098068
Mk01-1401-0,Mk01,1401,0,18,0.25,4,4,0,K0.25-N4-b4,6796501833751543229,1.720000000204891e-05,0.0005083568213012033,0.0006621946059893499,2.9347943468511096e-05,2,2,0,0,0,4,0.00011739177387404438,2.9347943468511096e-05,2.9347943468511096e-05,0.0028003000043099746
Mk01-1401-0,Mk01,1401,0,18,0.25,4,4,1,K0.25-N4-b4,1534931576920057656,1.6400001186411828e-05,0.0,0.0,0.0,3,0,3,0,0,3,0.0,0.0,0.0,0.0018161999978474341
Mk01-1401-0,Mk01,1401,0,18,0.25,4,4,2,K0.25-N4-b4,7620126943285552796,1.599999814061448e-05,0.0,0.0,0.0,2,1,1,0,0,3,0.0,0.0,0.0,0.0023393999945255928
Mk01-1401-0,Mk01,1401,0,18,0.25,4,4,3,K0.25-N4-b4,42235107944036371,1.6599995433352888e-05,0.0,0.0,0.0,2,1,1,0,0,3,0.0,0.0,0.0,0.002318799997738097
Mk01-1401-0,Mk01,1401,0,18,0.25,4,12,0,K0.25-N4-b12,6796501833751543229,1.6199999663513154e-05,0.0005083568213012033,0.0006621946059893499,9.782647822837031e-06,9,2,6,0,1,11,0.00011739177387404438,1.0671979443094944e-05,9.782647822837031e-06,0.006961200000660028
Mk01-1401-0,Mk01,1401,0,18,0.25,4,12,1,K0.25-N4-b12,1534931576920057656,1.599999814061448e-05,0.0,0.0,0.0,10,2,8,0,0,12,0.0,0.0,0.0,0.008049700001720339
Mk01-1401-0,Mk01,1401,0,18,0.25,4,12,2,K0.25-N4-b12,7620126943285552796,1.8500002624932677e-05,0.0005083568213012033,0.0006621946059893499,9.782647822837031e-06,8,3,2,0,3,11,0.00011739177387404438,1.0671979443094944e-05,9.782647822837031e-06,0.007170100005168933
Mk01-1401-0,Mk01,1401,0,18,0.25,4,12,3,K0.25-N4-b12,42235107944036371,1.6099998902063817e-05,0.011889901209324365,0.011838965726000378,0.00020947090220293295,7,4,1,0,2,11,0.0025136508264351955,0.00022851371149410868,0.00020947090220293295,0.007495099998777732
Mk01-1401-0,Mk01,1401,0,18,0.25,5,4,0,K0.25-N5-b4,3060399335058020307,1.750000228639692e-05,0.04730542642664705,0.05196139656007223,0.0030961845801675664,32,4,28,0,0,4,0.012384738320670266,0.0030961845801675664,0.0030961845801675664,0.004469999999855645
Mk01-1401-0,Mk01,1401,0,18,0.25,5,4,1,K0.25-N5-b4,5644400256367299533,1.750000228639692e-05,0.03541552521732256,0.04782954084738476,0.0025046037291210663,4,4,0,0,0,4,0.010018414916484265,0.0025046037291210663,0.0025046037291210663,0.00334139999904437
Mk01-1401-0,Mk01,1401,0,18,0.25,5,4,2,K0.25-N5-b4,7794554323650320578,1.679999695625156e-05,0.04730542642664705,0.05196139656007213,0.003096184580167563,18,4,13,0,1,4,0.012384738320670252,0.003096184580167563,0.003096184580167563,0.0036249000040697865
Mk01-1401-0,Mk01,1401,0,18,0.25,5,4,3,K0.25-N5-b4,3913928962948122886,1.6199999663513154e-05,0.047305426426646924,0.1297531553274689,0.005960971629595118,10,4,6,0,0,4,0.023843886518380472,0.005960971629595118,0.005960971629595118,0.003439200001594145
Mk01-1401-0,Mk01,1401,0,18,0.25,5,12,0,K0.25-N5-b12,3060399335058020307,1.7099999240599573e-05,0.058941149225320746,0.1297531553274689,0.002116167130747792,79,12,62,0,5,12,0.025394005568973504,0.002116167130747792,0.002116167130747792,0.012218800002301577
Mk01-1401-0,Mk01,1401,0,18,0.25,5,12,1,K0.25-N5-b12,5644400256367299533,1.6900004993658513e-05,0.04730542642664705,0.05196139656007223,0.001032061526722522,77,12,58,0,7,12,0.012384738320670266,0.001032061526722522,0.001032061526722522,0.012249800005520228
Mk01-1401-0,Mk01,1401,0,18,0.25,5,12,2,K0.25-N5-b12,7794554323650320578,1.7600003047846258e-05,0.058941149225320746,0.05196139656007223,0.0011612381142719406,65,12,48,0,5,12,0.013934857371263288,0.0011612381142719406,0.0011612381142719406,0.01186000000598142
Mk01-1401-0,Mk01,1401,0,18,0.25,5,12,3,K0.25-N5-b12,3913928962948122886,1.7400001524947584e-05,0.047305426426646924,0.1297531553274689,0.0019869905431983727,58,12,43,0,3,12,0.023843886518380472,0.0019869905431983727,0.0019869905431983727,0.011011700000381097
Mk01-1401-0,Mk01,1401,0,18,0.25,6,4,0,K0.25-N6-b4,1053982662162066089,1.6500001947861165e-05,0.0,0.0,0.0,3,0,3,0,0,3,0.0,0.0,0.0,0.0021924000029684976
Mk01-1401-0,Mk01,1401,0,18,0.25,6,4,1,K0.25-N6-b4,7254539680182608554,1.6900004993658513e-05,0.0,0.0,0.0,3,0,3,0,0,3,0.0,0.0,0.0,0.0018148000017390586
Mk01-1401-0,Mk01,1401,0,18,0.25,6,4,2,K0.25-N6-b4,884778065532287362,1.5700003132224083e-05,0.0,0.0,0.0,3,0,3,0,0,3,0.0,0.0,0.0,0.0018119000014849007
Mk01-1401-0,Mk01,1401,0,18,0.25,6,4,3,K0.25-N6-b4,15838340492295218558,1.5400000847876072e-05,0.0,0.0,0.0,3,0,3,0,0,3,0.0,0.0,0.0,0.0018104000046150759
Mk01-1401-0,Mk01,1401,0,18,0.25,6,12,0,K0.25-N6-b12,1053982662162066089,1.5600002370774746e-05,0.0,0.0,0.0,11,0,11,0,0,11,0.0,0.0,0.0,0.006547999997565057
Mk01-1401-0,Mk01,1401,0,18,0.25,6,12,1,K0.25-N6-b12,7254539680182608554,1.580000389367342e-05,0.0,0.0,0.0,11,0,11,0,0,11,0.0,0.0,0.0,0.00731390000146348
Mk01-1401-0,Mk01,1401,0,18,0.25,6,12,2,K0.25-N6-b12,884778065532287362,1.6699996194802225e-05,0.0,0.0,0.0,11,0,11,0,0,11,0.0,0.0,0.0,0.006536900000355672
Mk01-1401-0,Mk01,1401,0,18,0.25,6,12,3,K0.25-N6-b12,15838340492295218558,1.599999814061448e-05,0.0,0.0,0.0,11,0,11,0,0,11,0.0,0.0,0.0,0.007332399996812455
Mk01-1401-0,Mk01,1401,0,18,0.5,1,4,0,K0.5-N1-b4,7526441745179383101,1.769999653333798e-05,0.0232714455973474,0.03109212475221384,0.001539978931158301,145,4,140,1,0,4,0.006159915724633204,0.001539978931158301,0.001539978931158301,0.00672830000257818
Mk01-1401-0,Mk01,1401,0,18,0.5,1,4,1,K0.5-N1-b4,17165928022853748461,1.6900004993658513e-05,0.0059590716274760935,0.0010153650625171623,0.00017587357553372701,147,4,143,0,0,4,0.0007034943021349081,0.00017587357553372701,0.00017587357553372701,0.00671909999800846
Mk01-1401-0,Mk01,1401,0,18,0.5,1,4,2,K0.5-N1-b4,14655334676712761279,1.679999695625156e-05,0.010506040973559743,0.011925468624980807,0.0005921101054642522,143,4,139,0,0,4,0.002368440421857009,0.0005921101054642522,0.0005921101054642522,0.007484299996576738
Mk01-1401-0,Mk01,1401,0,18,0.5,1,4,3,K0.5-N1-b4,11332750255792140250,1.809999957913533e-05,0.0116357227986737,0.022432289706680025,0.0009118515469920267,129,4,123,2,0,4,0.003647406187968107,0.0009118515469920267,0.0009118515469920267,0.006346599999233149
Mk01-1401-0,Mk01,1401,0,18,0.5,1,12,0,K0.5-N1-b12,7526441745179383101,1.7099999240599573e-05,0.0232714455973474,0.03109212475221384,0.0005133263103861003,354,12,339,2,1,12,0.006159915724633204,0.0005133263103861003,0.0005133263103861003,0.019248299999162555
Mk01-1401-0,Mk01,1401,0,18,0.5,1,12,1,K0.5-N1-b12,17165928022853748461,7.339999865507707e-05,0.023271445597347527,0.025561904934626446,0.00045651646110401014,321,12,307,1,1,12,0.005478197533248122,0.00045651646110401014,0.00045651646110401014,0.018434400000842288
Mk01-1401-0,Mk01,1401,0,18,0.5,1,12,2,K0.5-N1-b12,14655334676712761279,1.920000067912042e-05,0.03490716839602109,0.033218902923702304,0.0006643487475217592,261,12,249,0,0,12,0.00797218497026111,0.0006643487475217592,0.0006643487475217592,0.016649800003506243
Mk01-1401-0,Mk01,1401,0,18,0.5,1,12,3,K0.5-N1-b12,11332750255792140250,1.799999881768599e-05,0.023271445597347527,0.022432289706680025,0.0004239933297818554,480,9,465,3,3,9,0.005087919957382265,0.0005653244397091406,0.0004239933297818554,0.01961250000022119
Mk01-1401-0,Mk01,1401,0,18,0.5,2,4,0,K0.5-N2-b4,11410110413851308665,1.7700003809295595e-05,0.0,0.0,0.0,160,0,160,0,0,0,0.0,,0.0,0.004963700004736893
Mk01-1401-0,Mk01,1401,0,18,0.5,2,4,1,K0.5-N2-b4,307961818849572024,1.6600002709310502e-05,0.0,0.0,0.0,160,0,160,0,0,0,0.0,,0.0,0.005469299998367205
Mk01-1401-0,Mk01,1401,0,18,0.5,2,4,2,K0.5-N2-b4,10244992526452224236,2.1400002879090607e-05,0.010506040973559743,0.009986610544381104,0.0005385462228400858,160,1,158,1,0,1,0.002154184891360343,0.002154184891360343,0.0005385462228400858,0.0058579000033205375
Mk01-1401-0,Mk01,1401,0,18,0.5,2,4,3,K0.5-N2-b4,2010444935220989214,1.6600002709310502e-05,0.0,0.0,0.0,160,0,160,0,0,0,0.0,,0.0,0.004963899998983834
Mk01-1401-0,Mk01,1401,0,18,0.5,2,12,0,K0.5-N2-b12,11410110413851308665,1.630000042496249e-05,0.023271445597347527,0.03527886506287511,0.0005551034861357259,480,3,477,0,0,3,0.006661241833628711,0.0022204139445429036,0.0005551034861357259,0.018052799998258706
Mk01-1401-0,Mk01,1401,0,18,0.5,2,12,1,K0.5-N2-b12,307961818849572024,1.809999957913533e-05,0.0,0.0016674179493160043,1.3659693108607178e-05,480,2,478,0,0,2,0.00016391631730328614,8.195815865164307e-05,1.3659693108607178e-05,0.020801899998332374
Mk01-1401-0,Mk01,1401,0,18,0.5,2,12,2,K0.5-N2-b12,10244992526452224236,1.9800005247816443e-05,0.034907168396021225,0.04219014840556658,0.0007652058579337525,480,2,477,1,0,2,0.00918247029520503,0.004591235147602515,0.0007652058579337525,0.017300300001807045
Mk01-1401-0,Mk01,1401,0,18,0.5,2,12,3,K0.5-N2-b12,2010444935220989214,2.0200001017656177e-05,0.011635722798673828,0.011135607671530465,0.0002005586575900955,480,2,478,0,0,2,0.002406703891081146,0.001203351945540573,0.0002005586575900955,0.017231900004844647
Mk01-1401-0,Mk01,1401,0,18,0.5,3,4,0,K0.5-N3-b4,2151440659896875710,1.799999881768599e-05,0.07083105043464512,0.12958611524667882,0.007021207936033785,10,4,5,0,1,4,0.02808483174413514,0.007021207936033785,0.007021207936033785,0.003476799996860791
Mk01-1401-0,Mk01,1401,0,18,0.5,3,4,1,K0.5-N3-b4,11930718489296329540,1.7600003047846258e-05,0.02352562400799819,0.01414232912575286,0.0010248756077462329,8,4,4,0,0,4,0.004099502430984931,0.0010248756077462329,0.0010248756077462329,0.0034472999977879226
Mk01-1401-0,Mk01,1401,0,18,0.5,3,4,2,K0.5-N3-b4,11328531116553965599,1.7099999240599573e-05,0.011635722798673828,0.01170712337651965,0.000617626364974604,9,4,5,0,0,4,0.002470505459898416,0.000617626364974604,0.000617626364974604,0.0035053000028710812
Mk01-1401-0,Mk01,1401,0,18,0.5,3,4,3,K0.5-N3-b4,1860888120920971235,1.68999977177009e-05,0.05812212990211323,0.06330580433259037,0.003955565401611736,8,4,4,0,0,4,0.015822261606446945,0.003955565401611736,0.003955565401611736,0.004044799999974202
Mk01-1401-0,Mk01,1401,0,18,0.5,3,12,0,K0.5-N3-b12,2151440659896875710,1.7899998056236655e-05,0.07083105043464512,0.12958611524667882,0.002340402645344595,31,12,13,0,6,12,0.02808483174413514,0.002340402645344595,0.002340402645344595,0.010417000004963484
Mk01-1401-0,Mk01,1401,0,18,0.5,3,12,1,K0.5-N3-b12,11930718489296329540,1.750000228639692e-05,0.05812212990211323,0.06330580433259037,0.0013185218005372455,30,12,17,0,1,12,0.015822261606446945,0.0013185218005372455,0.0013185218005372455,0.011161800000991207
Mk01-1401-0,Mk01,1401,0,18,0.5,3,12,2,K0.5-N3-b12,11328531116553965599,1.8600003386382014e-05,0.058941149225320746,0.12958611524667882,0.0021137579918251593,36,12,16,0,8,12,0.02536509590190191,0.0021137579918251593,0.0021137579918251593,0.011426400000345893
Mk01-1401-0,Mk01,1401,0,18,0.5,3,12,3,K0.5-N3-b12,1860888120920971235,1.8799997633323073e-05,0.07083105043464512,0.07238681901040232,0.0016207517810528412,30,12,16,0,2,12,0.019449021372634094,0.0016207517810528412,0.0016207517810528412,0.010541199997533113
Mk01-1401-0,Mk01,1401,0,18,0.5,4,4,0,K0.5-N4-b4,14278789479005743252,1.68999977177009e-05,0.0005083568213012033,0.0006621946059893499,2.9347943468511096e-05,2,2,0,0,0,4,0.00011739177387404438,2.9347943468511096e-05,2.9347943468511096e-05,0.003942299998016097
Mk01-1401-0,Mk01,1401,0,18,0.5,4,4,1,K0.5-N4-b4,1979915278594518463,1.920000067912042e-05,0.0005083568213012033,0.0006621946059893499,2.9347943468511096e-05,2,1,1,0,0,3,0.00011739177387404438,3.9130591291348126e-05,2.9347943468511096e-05,0.0020154000012553297
Mk01-1401-0,Mk01,1401,0,18,0.5,4,4,2,K0.5-N4-b4,15332492088964499629,1.679999695625156e-05,0.0005083568213012033,0.0006621946059893499,2.9347943468511096e-05,2,2,0,0,0,4,0.00011739177387404438,2.9347943468511096e-05,2.9347943468511096e-05,0.0028052999987266958
Mk01-1401-0,Mk01,1401,0,18,0.5,4,4,3,K0.5-N4-b4,12139317653435983681,1.670000347075984e-05,0.0,0.0,0.0,2,1,1,0,0,3,0.0,0.0,0.0,0.002005200003623031
Mk01-1401-0,Mk01,1401,0,18,0.5,4,12,0,K0.5-N4-b12,14278789479005743252,1.68999977177009e-05,0.0005083568213012033,0.0006621946059893499,9.782647822837031e-06,8,3,2,0,3,11,0.00011739177387404438,1.0671979443094944e-05,9.782647822837031e-06,0.00796029999764869
Mk01-1401-0,Mk01,1401,0,18,0.5,4,12,1,K0.5-N4-b12,1979915278594518463,1.809999957913533e-05,0.011889901209324365,0.011838965726000378,0.00020947090220293295,8,4,3,0,1,12,0.0025136508264351955,0.00020947090220293295,0.00020947090220293295,0.0079288999986602
Mk01-1401-0,Mk01,1401,0,18,0.5,4,12,2,K0.5-N4-b12,15332492088964499629,1.6999998479150236e-05,0.0005083568213012033,0.0006621946059893499,9.782647822837031e-06,8,3,3,0,2,11,0.00011739177387404438,1.0671979443094944e-05,9.782647822837031e-06,0.007867300002544653
Mk01-1401-0,Mk01,1401,0,18,0.5,4,12,3,K0.5-N4-b12,12139317653435983681,1.8200000340584666e-05,0.0005083568213012033,0.0006621946059893499,9.782647822837031e-06,9,3,5,0,1,12,0.00011739177387404438,9.782647822837031e-06,9.782647822837031e-06,0.007732700003543869
Mk01-1401-0,Mk01,1401,0,18,0.5,5,4,0,K0.5-N5-b4,9005124506147382382,1.6600002709310502e-05,0.03541552521732256,0.04782954084738476,0.0025046037291210663,5,4,1,0,0,4,0.010018414916484265,0.0025046037291210663,0.0025046037291210663,0.0033093000020016916
Mk01-1401-0,Mk01,1401,0,18,0.5,5,4,1,K0.5-N5-b4,6964568392833046100,1.7099999240599573e-05,0.03566970362797322,0.04782954084738476,0.002513112742441963,10,4,6,0,0,4,0.010052450969767852,0.002513112742441963,0.002513112742441963,0.0034454999986337498
Mk01-1401-0,Mk01,1401,0,18,0.5,5,4,2,K0.5-N5-b4,9988479496602064310,3.740000101970509e-05,0.058941149225320746,0.051403005432859486,0.0034608400563551213,7,4,3,0,0,4,0.013843360225420485,0.0034608400563551213,0.0034608400563551213,0.0037167999980738387
Mk01-1401-0,Mk01,1401,0,18,0.5,5,4,3,K0.5-N5-b4,8132277485630041311,1.750000228639692e-05,0.047305426426646924,0.1297531553274689,0.005960971629595118,7,4,3,0,0,4,0.023843886518380472,0.005960971629595118,0.005960971629595118,0.0033796999996411614
Mk01-1401-0,Mk01,1401,0,18,0.5,5,12,0,K0.5-N5-b12,9005124506147382382,1.6599995433352888e-05,0.04730542642664705,0.05196139656007234,0.0010320615267225236,41,12,29,0,0,12,0.012384738320670283,0.0010320615267225236,0.0010320615267225236,0.011300599995593075
Mk01-1401-0,Mk01,1401,0,18,0.5,5,12,1,K0.5-N5-b12,6964568392833046100,1.8500002624932677e-05,0.047305426426646924,0.1297531553274689,0.0019869905431983727,40,12,27,0,1,12,0.023843886518380472,0.0019869905431983727,0.0019869905431983727,0.01065349999407772
Mk01-1401-0,Mk01,1401,0,18,0.5,5,12,2,K0.5-N5-b12,9988479496602064310,1.7600003047846258e-05,0.058941149225320746,0.05196139656007213,0.0011612381142719391,30,12,17,0,1,12,0.01393485737126327,0.0011612381142719391,0.0011612381142719391,0.010847900004591793
Mk01-1401-0,Mk01,1401,0,18,0.5,5,12,3,K0.5-N5-b12,8132277485630041311,1.7599995771888644e-05,0.058941149225320746,0.1297531553274689,0.002116167130747792,27,12,14,0,1,12,0.025394005568973504,0.002116167130747792,0.002116167130747792,0.010804600002302323
Mk01-1401-0,Mk01,1401,0,18,0.5,6,4,0,K0.5-N6-b4,399263854868194527,1.799999881768599e-05,0.0,0.0,0.0,3,0,3,0,0,3,0.0,0.0,0.0,0.0018224000014015473
Mk01-1401-0,Mk01,1401,0,18,0.5,6,4,1,K0.5-N6-b4,16886292412339313326,1.6500001947861165e-05,0.0,0.0,0.0,3,0,3,0,0,3,0.0,0.0,0.0,0.0018038999987766147
Mk01-1401-0,Mk01,1401,0,18,0.5,6,4,2,K0.5-N6-b4,10168687659232041002,1.6400001186411828e-05,0.0,0.0,0.0,3,0,3,0,0,3,0.0,0.0,0.0,0.0018075999978464097
Mk01-1401-0,Mk01,1401,0,18,0.5,6,4,3,K0.5-N6-b4,15408889573241119426,1.6299993149004877e-05,0.0,0.0,0.0,3,0,3,0,0,3,0.0,0.0,0.0,0.0018079000001307577
Mk01-1401-0,Mk01,1401,0,18,0.5,6,12,0,K0.5-N6-b12,399263854868194527,1.630000042496249e-05,0.0,0.0,0.0,11,0,11,0,0,11,0.0,0.0,0.0,0.007300900004338473
Mk01-1401-0,Mk01,1401,0,18,0.5,6,12,1,K0.5-N6-b12,16886292412339313326,1.85999961104244e-05,0.0,0.0,0.0,11,0,11,0,0,11,0.0,0.0,0.0,0.006595599996217061
Mk01-1401-0,Mk01,1401,0,18,0.5,6,12,2,K0.5-N6-b12,10168687659232041002,1.6999998479150236e-05,0.0,0.0,0.0,11,0,11,0,0,11,0.0,0.0,0.0,0.006510399995022453
Mk01-1401-0,Mk01,1401,0,18,0.5,6,12,3,K0.5-N6-b12,15408889573241119426,1.6600002709310502e-05,0.0,0.0,0.0,11,0,11,0,0,11,0.0,0.0,0.0,0.00724389999959385
Mk01-1401-10,Mk01,1401,10,8,0.25,1,4,0,K0.25-N1-b4,6946914801511334828,1.649999467190355e-05,0.0,0.0,0.0,160,0,160,0,0,0,0.0,,0.0,0.004754199995659292
Mk01-1401-10,Mk01,1401,10,8,0.25,1,4,1,K0.25-N1-b4,1892576490868713253,2.2000000171829015e-05,0.0,0.0,0.0,160,1,158,1,0,1,0.0,0.0,0.0,0.005112600003485568
Mk01-1401-10,Mk01,1401,10,8,0.25,1,4,2,K0.25-N1-b4,3648167330511950043,1.8200000340584666e-05,0.0,0.0,0.0,160,1,159,0,0,1,0.0,0.0,0.0,0.0046278000008896925
Mk01-1401-10,Mk01,1401,10,8,0.25,1,4,3,K0.25-N1-b4,9181228758652495668,1.6200006939470768e-05,0.0,0.0,0.0,160,1,158,1,0,1,0.0,0.0,0.0,0.0045911999986856245
Mk01-1401-10,Mk01,1401,10,8,0.25,1,12,0,K0.25-N1-b12,6946914801511334828,1.6000005416572094e-05,0.0,0.0,0.0,480,1,475,3,1,1,0.0,0.0,0.0,0.012841499999922235
Mk01-1401-10,Mk01,1401,10,8,0.25,1,12,1,K0.25-N1-b12,1892576490868713253,1.6999998479150236e-05,0.0,0.0,0.0,480,1,476,3,0,1,0.0,0.0,0.0,0.01277970000228379
Mk01-1401-10,Mk01,1401,10,8,0.25,1,12,2,K0.25-N1-b12,3648167330511950043,1.9500002963468432e-05,0.0,0.0,0.0,480,3,476,1,0,3,0.0,0.0,0.0,0.014372700003150385
Mk01-1401-10,Mk01,1401,10,8,0.25,1,12,3,K0.25-N1-b12,9181228758652495668,2.1899999410379678e-05,0.0,0.0,0.0,480,3,474,3,0,3,0.0,0.0,0.0,0.013825000001816079
Mk01-1401-10,Mk01,1401,10,8,0.25,2,4,0,K0.25-N2-b4,14944820171417751126,1.6199999663513154e-05,0.0,0.0,0.0,160,0,160,0,0,0,0.0,,0.0,0.00922119999449933
Mk01-1401-10,Mk01,1401,10,8,0.25,2,4,1,K0.25-N2-b4,9061337431417557166,3.489999653538689e-05,0.0,0.0,0.0,160,0,160,0,0,0,0.0,,0.0,0.010218099996563978
Mk01-1401-10,Mk01,1401,10,8,0.25,2,4,2,K0.25-N2-b4,1978654035401891183,3.5200006095692515e-05,0.0,0.0,0.0,160,0,160,0,0,0,0.0,,0.0,0.009699200003524311
Mk01-1401-10,Mk01,1401,10,8,0.25,2,4,3,K0.25-N2-b4,13982394406724321901,2.909999602707103e-05,0.0,0.0,0.0,160,0,160,0,0,0,0.0,,0.0,0.010344099995563738
Mk01-1401-10,Mk01,1401,10,8,0.25,2,12,0,K0.25-N2-b12,14944820171417751126,3.51999988197349e-05,0.0,0.0,0.0,480,1,479,0,0,1,0.0,0.0,0.0,0.022100900001532864
Mk01-1401-10,Mk01,1401,10,8,0.25,2,12,1,K0.25-N2-b12,9061337431417557166,1.720000000204891e-05,0.0,0.0,0.0,480,0,480,0,0,0,0.0,,0.0,0.015554799996607471
Mk01-1401-10,Mk01,1401,10,8,0.25,2,12,2,K0.25-N2-b12,1978654035401891183,2.2199994418770075e-05,0.0,0.0,0.0,480,0,480,0,0,0,0.0,,0.0,0.015705799996794667
Mk01-1401-10,Mk01,1401,10,8,0.25,2,12,3,K0.25-N2-b12,13982394406724321901,2.0699997548945248e-05,0.0,0.0,0.0,480,0,480,0,0,0,0.0,,0.0,0.015573000004224014
Mk01-1401-10,Mk01,1401,10,8,0.25,3,4,0,K0.25-N3-b4,18269164307333197974,2.040000254055485e-05,0.0,0.0,0.0,21,4,17,0,0,4,0.0,0.0,0.0,0.0035967000003438443
Mk01-1401-10,Mk01,1401,10,8,0.25,3,4,1,K0.25-N3-b4,12612529589009602565,1.599999814061448e-05,0.06521739130434805,0.07145548798841177,0.004581857112564843,29,4,25,0,0,4,0.01832742845025937,0.004581857112564843,0.004581857112564843,0.004625300003681332
Mk01-1401-10,Mk01,1401,10,8,0.25,3,4,2,K0.25-N3-b4,14115865195250026868,1.7300000763498247e-05,0.06398008804995256,0.05269414188159617,0.003759699707614025,9,4,5,0,0,4,0.0150387988304561,0.003759699707614025,0.003759699707614025,0.00325689999590395
Mk01-1401-10,Mk01,1401,10,8,0.25,3,4,3,K0.25-N3-b4,555729645607750631,1.6099998902063817e-05,0.013667884786924869,0.035962161615591494,0.0013636328304755785,31,4,26,0,1,4,0.005454531321902314,0.0013636328304755785,0.0013636328304755785,0.0038043000022298656
Mk01-1401-10,Mk01,1401,10,8,0.25,3,12,0,K0.25-N3-b12,18269164307333197974,1.6000005416572094e-05,0.06521739130434805,0.07145548798841177,0.001527285704188281,74,12,57,0,5,12,0.01832742845025937,0.001527285704188281,0.001527285704188281,0.011653000001388136
Mk01-1401-10,Mk01,1401,10,8,0.25,3,12,1,K0.25-N3-b12,12612529589009602565,1.7499995010439306e-05,0.06521739130434805,0.07145548798841177,0.001527285704188281,66,12,49,0,5,12,0.01832742845025937,0.001527285704188281,0.001527285704188281,0.01089279999723658
Mk01-1401-10,Mk01,1401,10,8,0.25,3,12,2,K0.25-N3-b12,14115865195250026868,1.630000042496249e-05,0.06398008804995256,0.05269414188159617,0.0012532332358713416,70,12,54,0,4,12,0.0150387988304561,0.0012532332358713416,0.0012532332358713416,0.011253900003794115
Mk01-1401-10,Mk01,1401,10,8,0.25,3,12,3,K0.25-N3-b12,555729645607750631,1.679999695625156e-05,0.06398008804995256,0.05269414188159617,0.0012532332358713416,70,12,49,0,9,12,0.0150387988304561,0.0012532332358713416,0.0012532332358713416,0.012414600001648068
Mk01-1401-10,Mk01,1401,10,8,0.25,4,4,0,K0.25-N4-b4,11607717953299798284,1.809999957913533e-05,0.0,0.0,0.0,3,1,2,0,0,4,0.0,0.0,0.0,0.0027491000000736676
Mk01-1401-10,Mk01,1401,10,8,0.25,4,4,1,K0.25-N4-b4,8795996569919813045,1.679999695625156e-05,0.0,0.0,0.0,3,1,2,0,0,4,0.0,0.0,0.0,0.002428799998597242
Mk01-1401-10,Mk01,1401,10,8,0.25,4,4,2,K0.25-N4-b4,13116359927238339937,1.6199999663513154e-05,0.0,0.0,0.0,2,1,1,0,0,3,0.0,0.0,0.0,0.001890899999125395
Mk01-1401-10,Mk01,1401,10,8,0.25,4,4,3,K0.25-N4-b4,11399297336726056003,1.6099998902063817e-05,0.0,0.0,0.0,2,2,0,0,0,4,0.0,0.0,0.0,0.0034094000002369285
Mk01-1401-10,Mk01,1401,10,8,0.25,4,12,0,K0.25-N4-b12,11607717953299798284,1.8200000340584666e-05,0.0,0.0,0.0,9,2,7,0,0,11,0.0,0.0,0.0,0.006573599996045232
Mk01-1401-10,Mk01,1401,10,8,0.25,4,12,1,K0.25-N4-b12,8795996569919813045,1.6800004232209176e-05,0.0,0.0,0.0,9,2,7,0,0,11,0.0,0.0,0.0,0.0065180000019609
Mk01-1401-10,Mk01,1401,10,8,0.25,4,12,2,K0.25-N4-b12,13116359927238339937,1.6099998902063817e-05,0.0,0.0,0.0,9,2,5,0,2,11,0.0,0.0,0.0,0.007201699998404365
Mk01-1401-10,Mk01,1401,10,8,0.25,4,12,3,K0.25-N4-b12,11399297336726056003,1.7099999240599573e-05,0.0,0.02094503075794341,0.00017454192298286186,8,4,2,0,2,12,0.0020945030757943423,0.00017454192298286186,0.00017454192298286186,0.007443700000294484
Mk01-1401-10,Mk01,1401,10,8,0.25,5,4,0,K0.25-N5-b4,6632968787258499460,1.6099998902063817e-05,0.0,0.019832171680117465,0.000495804292002936,12,4,8,0,0,4,0.001983217168011744,0.000495804292002936,0.000495804292002936,0.00388329999987036
Mk01-1401-10,Mk01,1401,10,8,0.25,5,4,1,K0.25-N5-b4,7201373583734937716,2.130000211764127e-05,0.06521739130434805,0.04886497780160656,0.0036487708222402815,11,4,6,0,1,4,0.014595083288961126,0.0036487708222402815,0.0036487708222402815,0.0033910999991348945
Mk01-1401-10,Mk01,1401,10,8,0.25,5,4,2,K0.25-N5-b4,7688947394909932927,1.6900004993658513e-05,0.0,0.0,0.0,28,4,22,0,2,4,0.0,0.0,0.0,0.004095700001926161
Mk01-1401-10,Mk01,1401,10,8,0.25,5,4,3,K0.25-N5-b4,2183266748753190174,1.739999424898997e-05,0.06521739130434805,0.04886497780160656,0.0036487708222402815,10,4,6,0,0,4,0.014595083288961126,0.0036487708222402815,0.0036487708222402815,0.0032331999973393977
Mk01-1401-10,Mk01,1401,10,8,0.25,5,12,0,K0.25-N5-b12,6632968787258499460,1.6600002709310502e-05,0.055606710212067985,0.03042138147374768,0.0008578701760369203,53,12,38,0,3,12,0.010294442112443044,0.0008578701760369203,0.0008578701760369203,0.01119200000539422
Mk01-1401-10,Mk01,1401,10,8,0.25,5,12,1,K0.25-N5-b12,7201373583734937716,1.7400001524947584e-05,0.06521739130434805,0.04886497780160656,0.0012162569407467604,48,12,31,0,5,12,0.014595083288961126,0.0012162569407467604,0.0012162569407467604,0.01105499999539461
Mk01-1401-10,Mk01,1401,10,8,0.25,5,12,2,K0.25-N5-b12,7688947394909932927,1.7899998056236655e-05,0.013667884786924869,0.017902451699682267,0.0002834768579912882,66,12,50,0,4,12,0.0034017222958954586,0.0002834768579912882,0.0002834768579912882,0.0104425999961677
Mk01-1401-10,Mk01,1401,10,8,0.25,5,12,3,K0.25-N5-b12,2183266748753190174,1.6199999663513154e-05,0.06521739130434805,0.04886497780160656,0.0012162569407467604,40,12,27,0,1,12,0.014595083288961126,0.0012162569407467604,0.0012162569407467604,0.01125980000506388
Mk01-1401-10,Mk01,1401,10,8,0.25,6,4,0,K0.25-N6-b4,14721305493809510621,2.269999822601676e-05,0.0,0.0,0.0,3,0,3,0,0,3,0.0,0.0,0.0,0.0016984000030788593
Mk01-1401-10,Mk01,1401,10,8,0.25,6,4,1,K0.25-N6-b4,4558455638210200087,1.599999814061448e-05,0.0,0.0,0.0,3,0,3,0,0,3,0.0,0.0,0.0,0.0016993999961414374
Mk01-1401-10,Mk01,1401,10,8,0.25,6,4,2,K0.25-N6-b4,17599277155166873201,1.5400000847876072e-05,0.0,0.0,0.0,3,0,3,0,0,3,0.0,0.0,0.0,0.001695599996310193
Mk01-1401-10,Mk01,1401,10,8,0.25,6,4,3,K0.25-N6-b4,13381550133041260726,1.550000160932541e-05,0.0,0.0,0.0,3,0,3,0,0,3,0.0,0.0,0.0,0.002156700000341516
Mk01-1401-10,Mk01,1401,10,8,0.25,6,12,0,K0.25-N6-b12,14721305493809510621,1.68999977177009e-05,0.0,0.0,0.0,11,0,11,0,0,11,0.0,0.0,0.0,0.006391200004145503
Mk01-1401-10,Mk01,1401,10,8,0.25,6,12,1,K0.25-N6-b12,4558455638210200087,1.6199999663513154e-05,0.0,0.0,0.0,11,0,11,0,0,11,0.0,0.0,0.0,0.006133199996838812
Mk01-1401-10,Mk01,1401,10,8,0.25,6,12,2,K0.25-N6-b12,17599277155166873201,1.6000005416572094e-05,0.0,0.0,0.0,11,0,11,0,0,11,0.0,0.0,0.0,0.006736100003763568
Mk01-1401-10,Mk01,1401,10,8,0.25,6,12,3,K0.25-N6-b12,13381550133041260726,1.6999998479150236e-05,0.0,0.0,0.0,11,0,11,0,0,11,0.0,0.0,0.0,0.006132900001830421
Mk01-1401-10,Mk01,1401,10,8,0.5,1,4,0,K0.5-N1-b4,15649288050417163990,1.6599995433352888e-05,0.0,0.0,0.0,160,2,156,2,0,2,0.0,0.0,0.0,0.0053589000017382205
Mk01-1401-10,Mk01,1401,10,8,0.5,1,4,1,K0.5-N1-b4,3806230302640399914,6.500000017695129e-05,0.0,0.0,0.0,160,2,158,0,0,2,0.0,0.0,0.0,0.006052999997336883
Mk01-1401-10,Mk01,1401,10,8,0.5,1,4,2,K0.5-N1-b4,11993247339513948023,1.7400001524947584e-05,0.0,0.0,0.0,160,3,155,2,0,3,0.0,0.0,0.0,0.006040500004019123
Mk01-1401-10,Mk01,1401,10,8,0.5,1,4,3,K0.5-N1-b4,13869282802494789408,1.6600002709310502e-05,0.0,0.0,0.0,160,1,159,0,0,1,0.0,0.0,0.0,0.004692800001066644
Mk01-1401-10,Mk01,1401,10,8,0.5,1,12,0,K0.5-N1-b12,15649288050417163990,2.5800000003073364e-05,0.0,0.009112158323456796,7.593465269547335e-05,480,9,467,3,1,9,0.0009112158323456802,0.00010124620359396447,7.593465269547335e-05,0.01941330000408925
Mk01-1401-10,Mk01,1401,10,8,0.5,1,12,1,K0.5-N1-b12,3806230302640399914,1.8399994587525725e-05,0.0,0.009112158323456796,7.593465269547335e-05,480,10,467,1,2,10,0.0009112158323456802,9.112158323456802e-05,7.593465269547335e-05,0.019699099997524172
Mk01-1401-10,Mk01,1401,10,8,0.5,1,12,2,K0.5-N1-b12,11993247339513948023,1.799999881768599e-05,0.0,1.33668705111293e-16,1.0119220276531375e-18,480,10,467,3,0,10,1.214306433183765e-17,1.2143064331837649e-18,1.0119220276531375e-18,0.01944519999960903
Mk01-1401-10,Mk01,1401,10,8,0.5,1,12,3,K0.5-N1-b12,13869282802494789408,1.769999653333798e-05,0.0,1.33668705111293e-16,1.0119220276531375e-18,480,9,470,0,1,9,1.214306433183765e-17,1.3492293702041833e-18,1.0119220276531375e-18,0.019093499999144115
Mk01-1401-10,Mk01,1401,10,8,0.5,2,4,0,K0.5-N2-b4,9547120426010783354,1.809999957913533e-05,0.0,0.0,0.0,160,1,158,1,0,1,0.0,0.0,0.0,0.0066430000006221235
Mk01-1401-10,Mk01,1401,10,8,0.5,2,4,1,K0.5-N2-b4,10032749287765909605,1.920000067912042e-05,0.0,0.0,0.0,160,0,160,0,0,0,0.0,,0.0,0.005019999996875413
Mk01-1401-10,Mk01,1401,10,8,0.5,2,4,2,K0.5-N2-b4,7527561461600671324,1.6600002709310502e-05,0.0,0.0,0.0,160,1,159,0,0,1,0.0,0.0,0.0,0.005792800002382137
Mk01-1401-10,Mk01,1401,10,8,0.5,2,4,3,K0.5-N2-b4,8636432401132091263,1.6400001186411828e-05,0.0,0.0,0.0,160,0,160,0,0,0,0.0,,0.0,0.00642389999848092
Mk01-1401-10,Mk01,1401,10,8,0.5,2,12,0,K0.5-N2-b12,9547120426010783354,2.2600004740525037e-05,0.0,0.0,0.0,480,2,477,1,0,2,0.0,0.0,0.0,0.01757200000429293
Mk01-1401-10,Mk01,1401,10,8,0.5,2,12,1,K0.5-N2-b12,10032749287765909605,2.0499996026046574e-05,0.0,0.0,0.0,480,0,480,0,0,0,0.0,,0.0,0.015590700000757352
Mk01-1401-10,Mk01,1401,10,8,0.5,2,12,2,K0.5-N2-b12,7527561461600671324,2.179999864893034e-05,0.0,0.0,0.0,480,1,479,0,0,1,0.0,0.0,0.0,0.01648399999976391
Mk01-1401-10,Mk01,1401,10,8,0.5,2,12,3,K0.5-N2-b12,8636432401132091263,1.9699997210409492e-05,0.0,0.009112158323456796,7.593465269547335e-05,480,3,477,0,0,3,0.0009112158323456802,0.0003037386107818934,7.593465269547335e-05,0.01801059999706922
Mk01-1401-10,Mk01,1401,10,8,0.5,3,4,0,K0.5-N3-b4,16923933918164789017,1.7700003809295595e-05,0.0,0.0003292134620088681,8.230336550221849e-06,11,4,7,0,0,4,3.2921346200887394e-05,8.230336550221849e-06,8.230336550221849e-06,0.0033507000043755397
Mk01-1401-10,Mk01,1401,10,8,0.5,3,4,1,K0.5-N3-b4,15208688373749073112,1.7300000763498247e-05,0.04852818461715538,0.043830069417010016,0.0028407047759669876,7,4,2,0,1,4,0.01136281910386795,0.0028407047759669876,0.0028407047759669876,0.003188100003171712
Mk01-1401-10,Mk01,1401,10,8,0.5,3,4,2,K0.5-N3-b4,1408920190130249001,1.700000575510785e-05,0.0,0.02094503075794341,0.0005236257689485856,15,4,10,0,1,4,0.0020945030757943423,0.0005236257689485856,0.0005236257689485856,0.003731800003151875
Mk01-1401-10,Mk01,1401,10,8,0.5,3,4,3,K0.5-N3-b4,5023456586726995038,4.269999772077426e-05,0.0,0.0003292134620088681,8.230336550221849e-06,10,4,5,0,1,4,3.2921346200887394e-05,8.230336550221849e-06,8.230336550221849e-06,0.0052794000002904795
Mk01-1401-10,Mk01,1401,10,8,0.5,3,12,0,K0.5-N3-b12,16923933918164789017,1.720000000204891e-05,0.014531119615572788,0.038507393193746665,0.0004566801042243201,39,12,24,0,3,12,0.005480161250691841,0.0004566801042243201,0.0004566801042243201,0.010794699999678414
Mk01-1401-10,Mk01,1401,10,8,0.5,3,12,1,K0.5-N3-b12,15208688373749073112,1.9599996448960155e-05,0.04852818461715538,0.043830069417010016,0.0009469015919889959,18,12,5,0,1,12,0.01136281910386795,0.0009469015919889959,0.0009469015919889959,0.009453799997572787
Mk01-1401-10,Mk01,1401,10,8,0.5,3,12,2,K0.5-N3-b12,1408920190130249001,1.8000006093643606e-05,0.013667884786924869,0.035962161615591494,0.00045454427682519285,43,12,26,0,5,12,0.005454531321902314,0.00045454427682519285,0.00045454427682519285,0.010780399999930523
Mk01-1401-10,Mk01,1401,10,8,0.5,3,12,3,K0.5-N3-b12,5023456586726995038,1.799999881768599e-05,0.06521739130434805,0.07145548798841177,0.001527285704188281,42,12,26,0,4,12,0.01832742845025937,0.001527285704188281,0.001527285704188281,0.011158000001159962
Mk01-1401-10,Mk01,1401,10,8,0.5,4,4,0,K0.5-N4-b4,14210004938731990245,2.2400003217626363e-05,0.0,0.0,0.0,2,1,1,0,0,3,0.0,0.0,0.0,0.001934899999469053
Mk01-1401-10,Mk01,1401,10,8,0.5,4,4,1,K0.5-N4-b4,1986199067256547023,1.739999424898997e-05,0.0,0.0,0.0,2,2,0,0,0,4,0.0,0.0,0.0,0.002646599998115562
Mk01-1401-10,Mk01,1401,10,8,0.5,4,4,2,K0.5-N4-b4,13993005655693976992,1.6600002709310502e-05,0.0,0.0,0.0,2,1,1,0,0,3,0.0,0.0,0.0,0.0018969999946421012
Mk01-1401-10,Mk01,1401,10,8,0.5,4,4,3,K0.5-N4-b4,17181896159884545652,1.6699996194802225e-05,0.0,0.0,0.0,3,0,3,0,0,3,0.0,0.0,0.0,0.0016966999974101782
Mk01-1401-10,Mk01,1401,10,8,0.5,4,12,0,K0.5-N4-b12,14210004938731990245,1.6400001186411828e-05,0.0,0.02094503075794341,0.00017454192298286186,7,4,3,0,0,11,0.0020945030757943423,0.0001904093705267584,0.00017454192298286186,0.007734300001175143
Mk01-1401-10,Mk01,1401,10,8,0.5,4,12,1,K0.5-N4-b12,1986199067256547023,1.920000067912042e-05,0.0,0.02094503075794341,0.00017454192298286186,8,4,1,0,3,12,0.0020945030757943423,0.00017454192298286186,0.00017454192298286186,0.007480200001737103
Mk01-1401-10,Mk01,1401,10,8,0.5,4,12,2,K0.5-N4-b12,13993005655693976992,1.7400001524947584e-05,0.0,0.0,0.0,9,2,6,0,1,11,0.0,0.0,0.0,0.006502799995359965
Mk01-1401-10,Mk01,1401,10,8,0.5,4,12,3,K0.5-N4-b12,17181896159884545652,1.6600002709310502e-05,0.0,0.0,0.0,8,3,4,0,1,11,0.0,0.0,0.0,0.007456200000888202
Mk01-1401-10,Mk01,1401,10,8,0.5,5,4,0,K0.5-N5-b4,5369726560703999821,1.8200000340584666e-05,0.0,0.0,0.0,9,4,5,0,0,4,0.0,0.0,0.0,0.0032352999987779185
Mk01-1401-10,Mk01,1401,10,8,0.5,5,4,1,K0.5-N5-b4,9753661446857007518,1.720000000204891e-05,0.013667884786924869,0.017902451699682267,0.0008504305739738646,4,4,0,0,0,4,0.0034017222958954586,0.0008504305739738646,0.0008504305739738646,0.0030971999949542806
Mk01-1401-10,Mk01,1401,10,8,0.5,5,4,2,K0.5-N5-b4,10564300400186218417,1.6800004232209176e-05,0.06521739130434805,0.04886497780160656,0.0036487708222402815,9,4,5,0,0,4,0.014595083288961126,0.0036487708222402815,0.0036487708222402815,0.0035886000041500665
Mk01-1401-10,Mk01,1401,10,8,0.5,5,4,3,K0.5-N5-b4,7668516761992545618,4.839999746764079e-05,0.0,0.0,0.0,10,4,6,0,0,4,0.0,0.0,0.0,0.0032620999991195276
Mk01-1401-10,Mk01,1401,10,8,0.5,5,12,0,K0.5-N5-b12,5369726560703999821,1.720000000204891e-05,0.055606710212067985,0.03042138147374768,0.0008578701760369203,32,12,18,0,2,12,0.010294442112443044,0.0008578701760369203,0.0008578701760369203,0.00968529999954626
Mk01-1401-10,Mk01,1401,10,8,0.5,5,12,1,K0.5-N5-b12,9753661446857007518,1.7400001524947584e-05,0.055606710212067985,0.03042138147374768,0.0008578701760369203,31,12,17,0,2,12,0.010294442112443044,0.0008578701760369203,0.0008578701760369203,0.010167200001887977
Mk01-1401-10,Mk01,1401,10,8,0.5,5,12,2,K0.5-N5-b12,10564300400186218417,1.790000533219427e-05,0.06521739130434805,0.04886497780160656,0.0012162569407467604,25,12,13,0,0,12,0.014595083288961126,0.0012162569407467604,0.0012162569407467604,0.010179800003243145
Mk01-1401-10,Mk01,1401,10,8,0.5,5,12,3,K0.5-N5-b12,7668516761992545618,3.0800001695752144e-05,0.000978332805801193,0.028851738717384414,0.0002509361462341821,24,12,11,0,1,12,0.003011233754810185,0.0002509361462341821,0.0002509361462341821,0.01014009999926202
Mk01-1401-10,Mk01,1401,10,8,0.5,6,4,0,K0.5-N6-b4,12638897777282594404,1.840000186348334e-05,0.0,0.0,0.0,2,1,0,0,1,3,0.0,0.0,0.0,0.0018841999990399927
Mk01-1401-10,Mk01,1401,10,8,0.5,6,4,1,K0.5-N6-b4,16938274820611616580,1.6999998479150236e-05,0.0,0.0,0.0,2,1,0,0,1,3,0.0,0.0,0.0,0.0018687999981921166
Mk01-1401-10,Mk01,1401,10,8,0.5,6,4,2,K0.5-N6-b4,10147403402630434619,1.670000347075984e-05,0.0,0.0,0.0,2,1,0,0,1,3,0.0,0.0,0.0,0.0018669999990379438
Mk01-1401-10,Mk01,1401,10,8,0.5,6,4,3,K0.5-N6-b4,2773707027683583561,1.6600002709310502e-05,0.0,0.0,0.0,2,1,0,0,1,3,0.0,0.0,0.0,0.0018753999975160696
Mk01-1401-10,Mk01,1401,10,8,0.5,6,12,0,K0.5-N6-b12,12638897777282594404,1.6500001947861165e-05,0.0,0.0,0.0,10,1,0,0,9,11,0.0,0.0,0.0,0.0071640000023762695
Mk01-1401-10,Mk01,1401,10,8,0.5,6,12,1,K0.5-N6-b12,16938274820611616580,1.9899998733308166e-05,0.0,0.0,0.0,10,1,0,0,9,11,0.0,0.0,0.0,0.006422300000849646
Mk01-1401-10,Mk01,1401,10,8,0.5,6,12,2,K0.5-N6-b12,10147403402630434619,1.7499995010439306e-05,0.0,0.0,0.0,10,1,0,0,9,11,0.0,0.0,0.0,0.006341499996779021
Mk01-1401-10,Mk01,1401,10,8,0.5,6,12,3,K0.5-N6-b12,2773707027683583561,1.7099999240599573e-05,0.0,0.0,0.0,10,1,0,0,9,11,0.0,0.0,0.0,0.007096799999999348
Mk01-1401-19,Mk01,1401,19,10,0.25,1,4,0,K0.25-N1-b4,13956214174433344796,1.6399993910454214e-05,0.0,0.0,0.0,160,0,160,0,0,0,0.0,,0.0,0.003830599998764228
Mk01-1401-19,Mk01,1401,19,10,0.25,1,4,1,K0.25-N1-b4,17251247932316466471,1.599999814061448e-05,0.0,0.0,0.0,160,0,159,1,0,0,0.0,,0.0,0.0039055000015650876
Mk01-1401-19,Mk01,1401,19,10,0.25,1,4,2,K0.25-N1-b4,4596863269948999948,1.5899997379165143e-05,0.0,0.0,0.0,160,0,158,2,0,0,0.0,,0.0,0.004286299998057075
Mk01-1401-19,Mk01,1401,19,10,0.25,1,4,3,K0.25-N1-b4,18341175239623017792,1.9899998733308166e-05,0.0,0.0,0.0,160,1,158,1,0,1,0.0,0.0,0.0,0.004579699998430442
Mk01-1401-19,Mk01,1401,19,10,0.25,1,12,0,K0.25-N1-b12,13956214174433344796,1.5899997379165143e-05,0.0,0.0,0.0,480,1,475,3,1,1,0.0,0.0,0.0,0.012693500000750646
Mk01-1401-19,Mk01,1401,19,10,0.25,1,12,1,K0.25-N1-b12,17251247932316466471,1.840000186348334e-05,0.0,0.0,0.0,480,1,475,4,0,1,0.0,0.0,0.0,0.012101400003302842
Mk01-1401-19,Mk01,1401,19,10,0.25,1,12,2,K0.25-N1-b12,4596863269948999948,1.5799996617715806e-05,0.0,0.0,0.0,480,1,476,2,1,1,0.0,0.0,0.0,0.01320770000165794
Mk01-1401-19,Mk01,1401,19,10,0.25,1,12,3,K0.25-N1-b12,18341175239623017792,1.960000372491777e-05,0.0,0.0,0.0,480,3,473,2,2,3,0.0,0.0,0.0,0.014184100000420585
Mk01-1401-19,Mk01,1401,19,10,0.25,2,4,0,K0.25-N2-b4,1043638046007453287,1.6699996194802225e-05,0.0,0.0,0.0,160,1,158,1,0,1,0.0,0.0,0.0,0.005764699999417644
Mk01-1401-19,Mk01,1401,19,10,0.25,2,4,1,K0.25-N2-b4,13798499800699351584,1.6500001947861165e-05,0.0,0.0,0.0,160,0,160,0,0,0,0.0,,0.0,0.005731299999752082
Mk01-1401-19,Mk01,1401,19,10,0.25,2,4,2,K0.25-N2-b4,10443628715066618390,2.1099993318784982e-05,0.0,0.0,0.0,160,0,160,0,0,0,0.0,,0.0,0.004980700003216043
Mk01-1401-19,Mk01,1401,19,10,0.25,2,4,3,K0.25-N2-b4,10662661997336518419,1.6199999663513154e-05,0.0,0.0,0.0,160,0,160,0,0,0,0.0,,0.0,0.005133300001034513
Mk01-1401-19,Mk01,1401,19,10,0.25,2,12,0,K0.25-N2-b12,1043638046007453287,1.6099998902063817e-05,0.0,0.0,0.0,480,1,478,1,0,1,0.0,0.0,0.0,0.016157999998540618
Mk01-1401-19,Mk01,1401,19,10,0.25,2,12,1,K0.25-N2-b12,13798499800699351584,1.7400001524947584e-05,0.0,0.0,0.0,480,0,479,1,0,0,0.0,,0.0,0.015515699997195043
Mk01-1401-19,Mk01,1401,19,10,0.25,2,12,2,K0.25-N2-b12,10443628715066618390,2.1200001356191933e-05,0.0,0.0,0.0,480,0,480,0,0,0,0.0,,0.0,0.015878199999860954
Mk01-1401-19,Mk01,1401,19,10,0.25,2,12,3,K0.25-N2-b12,10662661997336518419,2.1100000594742596e-05,0.0,0.0,0.0,480,0,480,0,0,0,0.0,,0.0,0.01546240000607213
Mk01-1401-19,Mk01,1401,19,10,0.25,3,4,0,K0.25-N3-b4,17438447697801997847,1.9999999494757503e-05,0.0,0.0,0.0,8,4,4,0,0,4,0.0,0.0,0.0,0.0032325000065611675
Mk01-1401-19,Mk01,1401,19,10,0.25,3,4,1,K0.25-N3-b4,2555124043589441897,2.1299994841683656e-05,0.0,0.0,0.0,15,4,11,0,0,4,0.0,0.0,0.0,0.003618299997469876
Mk01-1401-19,Mk01,1401,19,10,0.25,3,4,2,K0.25-N3-b4,16663769250196142457,1.679999695625156e-05,0.0016132501613249754,0.0018494849041170594,8.731429709103473e-05,19,4,15,0,0,4,0.0003492571883641389,8.731429709103473e-05,8.731429709103473e-05,0.0034584000022732653
Mk01-1401-19,Mk01,1401,19,10,0.25,3,4,3,K0.25-N3-b4,8380945363249390576,1.6400001186411828e-05,0.0,0.0,0.0,11,4,7,0,0,4,0.0,0.0,0.0,0.0032062000027508475
Mk01-1401-19,Mk01,1401,19,10,0.25,3,12,0,K0.25-N3-b12,17438447697801997847,1.6200006939470768e-05,0.0016132501613249754,0.0018494849041170594,2.9104765697011575e-05,74,12,48,0,14,12,0.0003492571883641389,2.9104765697011575e-05,2.9104765697011575e-05,0.011831199997686781
Mk01-1401-19,Mk01,1401,19,10,0.25,3,12,1,K0.25-N3-b12,2555124043589441897,1.840000186348334e-05,0.0,0.0,0.0,53,12,34,0,7,12,0.0,0.0,0.0,0.010714799995184876
Mk01-1401-19,Mk01,1401,19,10,0.25,3,12,2,K0.25-N3-b12,16663769250196142457,4.8999994760379195e-05,0.0016132501613249754,0.04695541092615447,0.0004019555182793332,87,12,64,0,11,12,0.004823466219351999,0.0004019555182793332,0.0004019555182793332,0.011361500000930391
Mk01-1401-19,Mk01,1401,19,10,0.25,3,12,3,K0.25-N3-b12,8380945363249390576,1.7099999240599573e-05,0.0016132501613249754,0.04695541092615447,0.0004019555182793332,84,12,61,0,11,12,0.004823466219351999,0.0004019555182793332,0.0004019555182793332,0.011789100004534703
Mk01-1401-19,Mk01,1401,19,10,0.25,4,4,0,K0.25-N4-b4,14807003804240472277,1.7099999240599573e-05,0.0,0.0,0.0,2,1,1,0,0,3,0.0,0.0,0.0,0.0018392000056337565
Mk01-1401-19,Mk01,1401,19,10,0.25,4,4,1,K0.25-N4-b4,9476074909087415609,1.5900004655122757e-05,0.0,0.0,0.0,3,0,3,0,0,3,0.0,0.0,0.0,0.0016537000046810135
Mk01-1401-19,Mk01,1401,19,10,0.25,4,4,2,K0.25-N4-b4,4750029322679748815,1.5900004655122757e-05,0.0,0.0,0.0,2,1,1,0,0,3,0.0,0.0,0.0,0.0018351000035181642
Mk01-1401-19,Mk01,1401,19,10,0.25,4,4,3,K0.25-N4-b4,213473565179478286,1.5799996617715806e-05,0.0,0.0,0.0,2,1,1,0,0,3,0.0,0.0,0.0,0.0023075999997672625
Mk01-1401-19,Mk01,1401,19,10,0.25,4,12,0,K0.25-N4-b12,14807003804240472277,3.0499999411404133e-05,0.0,0.0,0.0,9,2,5,0,2,11,0.0,0.0,0.0,0.006438399999751709
Mk01-1401-19,Mk01,1401,19,10,0.25,4,12,1,K0.25-N4-b12,9476074909087415609,1.6000005416572094e-05,0.0,0.0,0.0,10,1,9,0,0,11,0.0,0.0,0.0,0.00610640000377316
Mk01-1401-19,Mk01,1401,19,10,0.25,4,12,2,K0.25-N4-b12,4750029322679748815,1.630000042496249e-05,0.0,0.0,0.0,9,2,6,0,1,11,0.0,0.0,0.0,0.007525000000896398
Mk01-1401-19,Mk01,1401,19,10,0.25,4,12,3,K0.25-N4-b12,213473565179478286,1.7400001524947584e-05,0.0,0.0,0.0,7,4,3,0,0,11,0.0,0.0,0.0,0.006707799999276176
Mk01-1401-19,Mk01,1401,19,10,0.25,5,4,0,K0.25-N5-b4,15139775407329771664,1.630000042496249e-05,0.0,0.0,0.0,10,4,6,0,0,4,0.0,0.0,0.0,0.003150399999867659
Mk01-1401-19,Mk01,1401,19,10,0.25,5,4,1,K0.25-N5-b4,4481303888032549689,1.6099998902063817e-05,0.0,0.0,0.0,8,4,4,0,0,4,0.0,0.0,0.0,0.004270999997970648
Mk01-1401-19,Mk01,1401,19,10,0.25,5,4,2,K0.25-N5-b4,10103882461704891496,1.7600003047846258e-05,0.0,0.0,0.0,18,4,14,0,0,4,0.0,0.0,0.0,0.003336699999636039
Mk01-1401-19,Mk01,1401,19,10,0.25,5,4,3,K0.25-N5-b4,11283465534501583639,1.6399993910454214e-05,0.0,0.0,0.0,22,4,18,0,0,4,0.0,0.0,0.0,0.003391500002180692
Mk01-1401-19,Mk01,1401,19,10,0.25,5,12,0,K0.25-N5-b12,15139775407329771664,1.6099998902063817e-05,0.0,0.0,0.0,57,12,41,0,4,12,0.0,0.0,0.0,0.01113420000183396
Mk01-1401-19,Mk01,1401,19,10,0.25,5,12,1,K0.25-N5-b12,4481303888032549689,1.8300001102034003e-05,0.0,0.0,0.0,56,12,41,0,3,12,0.0,0.0,0.0,0.009935699999914505
Mk01-1401-19,Mk01,1401,19,10,0.25,5,12,2,K0.25-N5-b12,10103882461704891496,1.6600002709310502e-05,0.0,0.0,0.0,77,12,63,0,2,12,0.0,0.0,0.0,0.01134019999881275
Mk01-1401-19,Mk01,1401,19,10,0.25,5,12,3,K0.25-N5-b12,11283465534501583639,1.7700003809295595e-05,0.0,0.0,0.0,74,12,60,0,2,12,0.0,0.0,0.0,0.011053000001993496
Mk01-1401-19,Mk01,1401,19,10,0.25,6,4,0,K0.25-N6-b4,6692504768034537002,1.7099999240599573e-05,0.0,0.0,0.0,2,1,0,0,1,3,0.0,0.0,0.0,0.001821500001824461
Mk01-1401-19,Mk01,1401,19,10,0.25,6,4,1,K0.25-N6-b4,3322253473693386608,1.5900004655122757e-05,0.0,0.0,0.0,2,1,0,0,1,3,0.0,0.0,0.0,0.0018440999992890283
Mk01-1401-19,Mk01,1401,19,10,0.25,6,4,2,K0.25-N6-b4,15062226872398304428,1.5900004655122757e-05,0.0,0.0,0.0,2,1,0,0,1,3,0.0,0.0,0.0,0.0018168000024161302
Mk01-1401-19,Mk01,1401,19,10,0.25,6,4,3,K0.25-N6-b4,3252667383251638104,1.5899997379165143e-05,0.0,0.0,0.0,2,1,0,0,1,3,0.0,0.0,0.0,0.0018176000012317672
Mk01-1401-19,Mk01,1401,19,10,0.25,6,12,0,K0.25-N6-b12,6692504768034537002,1.599999814061448e-05,0.0,0.0,0.0,10,1,0,0,9,11,0.0,0.0,0.0,0.0066939000025740825
Mk01-1401-19,Mk01,1401,19,10,0.25,6,12,1,K0.25-N6-b12,3322253473693386608,1.769999653333798e-05,0.0,0.0,0.0,10,1,0,0,9,11,0.0,0.0,0.0,0.006072099997254554
Mk01-1401-19,Mk01,1401,19,10,0.25,6,12,2,K0.25-N6-b12,15062226872398304428,1.630000042496249e-05,0.0,0.0,0.0,10,1,0,0,9,11,0.0,0.0,0.0,0.006575699997483753
Mk01-1401-19,Mk01,1401,19,10,0.25,6,12,3,K0.25-N6-b12,3252667383251638104,1.750000228639692e-05,0.0,0.0,0.0,10,1,0,0,9,11,0.0,0.0,0.0,0.006139099998108577
Mk01-1401-19,Mk01,1401,19,10,0.5,1,4,0,K0.5-N1-b4,16525693489518848258,1.670000347075984e-05,0.0,0.0,0.0,160,0,160,0,0,0,0.0,,0.0,0.0038620000050286762
Mk01-1401-19,Mk01,1401,19,10,0.5,1,4,1,K0.5-N1-b4,5647369306710129262,1.6600002709310502e-05,0.012314476231447631,0.01591058815770527,0.0007546092496529279,160,2,158,0,0,2,0.0030184369986117118,0.0015092184993058559,0.0007546092496529279,0.006057499995222315
Mk01-1401-19,Mk01,1401,19,10,0.5,1,4,2,K0.5-N1-b4,17870431870756437708,2.1200001356191933e-05,0.0,0.0,0.0,160,1,157,2,0,1,0.0,0.0,0.0,0.005134400002134498
Mk01-1401-19,Mk01,1401,19,10,0.5,1,4,3,K0.5-N1-b4,8919247481551538583,1.9299994164612144e-05,0.0,0.0,0.0,160,2,157,1,0,2,0.0,0.0,0.0,0.005302800003846642
Mk01-1401-19,Mk01,1401,19,10,0.5,1,12,0,K0.5-N1-b12,16525693489518848258,1.679999695625156e-05,0.0,0.0,0.0,480,5,475,0,0,5,0.0,0.0,0.0,0.015832500001124572
Mk01-1401-19,Mk01,1401,19,10,0.5,1,12,1,K0.5-N1-b12,5647369306710129262,1.809999957913533e-05,0.012314476231447631,0.01591058815770527,0.00025153641655097596,480,7,471,1,1,7,0.0030184369986117118,0.00043120528551595885,0.00025153641655097596,0.01772020000498742
Mk01-1401-19,Mk01,1401,19,10,0.5,1,12,2,K0.5-N1-b12,17870431870756437708,1.799999881768599e-05,0.012314476231447631,0.01591058815770527,0.00025153641655097596,480,9,466,4,1,9,0.0030184369986117118,0.00033538188873463465,0.00025153641655097596,0.018674500002816785
Mk01-1401-19,Mk01,1401,19,10,0.5,1,12,3,K0.5-N1-b12,8919247481551538583,1.829999382607639e-05,0.0,0.0,0.0,480,5,473,1,1,5,0.0,0.0,0.0,0.01570499999797903
Mk01-1401-19,Mk01,1401,19,10,0.5,2,4,0,K0.5-N2-b4,1229003370806749948,1.8999999156221747e-05,0.0,0.0,0.0,160,1,159,0,0,1,0.0,0.0,0.0,0.006479700001364108
Mk01-1401-19,Mk01,1401,19,10,0.5,2,4,1,K0.5-N2-b4,15322852651393645832,1.85999961104244e-05,0.0,0.0,0.0,160,0,160,0,0,0,0.0,,0.0,0.005001999998057727
Mk01-1401-19,Mk01,1401,19,10,0.5,2,4,2,K0.5-N2-b4,11270234867072915354,1.6500001947861165e-05,0.0,0.0,0.0,160,1,159,0,0,1,0.0,0.0,0.0,0.005735599996114615
Mk01-1401-19,Mk01,1401,19,10,0.5,2,4,3,K0.5-N2-b4,9922608952117970980,1.670000347075984e-05,0.0,0.0,0.0,160,0,160,0,0,0,0.0,,0.0,0.006481900003564078
Mk01-1401-19,Mk01,1401,19,10,0.5,2,12,0,K0.5-N2-b12,1229003370806749948,2.2199994418770075e-05,0.0,0.0,0.0,480,1,479,0,0,1,0.0,0.0,0.0,0.016863199998624623
Mk01-1401-19,Mk01,1401,19,10,0.5,2,12,1,K0.5-N2-b12,15322852651393645832,2.0300001779105514e-05,0.0,0.0,0.0,480,0,479,1,0,0,0.0,,0.0,0.016056100001151208
Mk01-1401-19,Mk01,1401,19,10,0.5,2,12,2,K0.5-N2-b12,11270234867072915354,2.2300002456177026e-05,0.0,0.0,0.0,480,1,479,0,0,1,0.0,0.0,0.0,0.016431100004410837
Mk01-1401-19,Mk01,1401,19,10,0.5,2,12,3,K0.5-N2-b12,9922608952117970980,1.9899998733308166e-05,0.012314476231447631,0.01591058815770527,0.00025153641655097596,480,1,479,0,0,1,0.0030184369986117118,0.0030184369986117118,0.00025153641655097596,0.0184095000004163
Mk01-1401-19,Mk01,1401,19,10,0.5,3,4,0,K0.5-N3-b4,7558688261582205786,2.040000254055485e-05,0.0,0.0,0.0,4,4,0,0,0,4,0.0,0.0,0.0,0.0031090999982552603
Mk01-1401-19,Mk01,1401,19,10,0.5,3,4,1,K0.5-N3-b4,10945307563883350660,1.7799997294787318e-05,0.0,0.0,0.0,10,4,3,0,3,4,0.0,0.0,0.0,0.0034324000007472932
Mk01-1401-19,Mk01,1401,19,10,0.5,3,4,2,K0.5-N3-b4,11803997826806281100,1.7799997294787318e-05,0.012314476231447631,0.018899155043466342,0.0008385240807671549,5,4,1,0,0,4,0.0033540963230686196,0.0008385240807671549,0.0008385240807671549,0.003550000001268927
Mk01-1401-19,Mk01,1401,19,10,0.5,3,4,3,K0.5-N3-b4,17316884967464254855,5.539999983739108e-05,0.0016132501613249754,0.0018494849041170594,8.731429709103473e-05,9,4,5,0,0,4,0.0003492571883641389,8.731429709103473e-05,8.731429709103473e-05,0.0032682999953976832
Mk01-1401-19,Mk01,1401,19,10,0.5,3,12,0,K0.5-N3-b12,7558688261582205786,1.790000533219427e-05,0.012314476231447631,0.018899155043466342,0.000279508026922385,23,12,9,0,2,12,0.0033540963230686196,0.000279508026922385,0.000279508026922385,0.009889799999655224
Mk01-1401-19,Mk01,1401,19,10,0.5,3,12,1,K0.5-N3-b12,10945307563883350660,1.900000643217936e-05,0.012314476231447631,0.04695541092615447,0.0005114242526394141,29,12,12,0,5,12,0.006137091031672969,0.0005114242526394141,0.0005114242526394141,0.010065700000268407
Mk01-1401-19,Mk01,1401,19,10,0.5,3,12,2,K0.5-N3-b12,11803997826806281100,1.9099999917671084e-05,0.012314476231447631,0.018899155043466342,0.000279508026922385,43,12,28,0,3,12,0.0033540963230686196,0.000279508026922385,0.000279508026922385,0.011079000003519468
Mk01-1401-19,Mk01,1401,19,10,0.5,3,12,3,K0.5-N3-b12,17316884967464254855,2.0200001017656177e-05,0.0016132501613249754,0.04695541092615447,0.0004019555182793332,34,12,19,0,3,12,0.004823466219351999,0.0004019555182793332,0.0004019555182793332,0.010225099998933729
Mk01-1401-19,Mk01,1401,19,10,0.5,4,4,0,K0.5-N4-b4,8474857484367868699,1.7799997294787318e-05,0.0,0.0,0.0,2,2,0,0,0,4,0.0,0.0,0.0,0.0031946999952197075
Mk01-1401-19,Mk01,1401,19,10,0.5,4,4,1,K0.5-N4-b4,17137894847147153590,1.8799997633323073e-05,0.0,0.0,0.0,3,0,3,0,0,3,0.0,0.0,0.0,0.0016491999995196238
Mk01-1401-19,Mk01,1401,19,10,0.5,4,4,2,K0.5-N4-b4,6746886896568998232,1.6600002709310502e-05,0.0,0.0,0.0,2,1,1,0,0,3,0.0,0.0,0.0,0.0018352000042796135
Mk01-1401-19,Mk01,1401,19,10,0.5,4,4,3,K0.5-N4-b4,9462937115110153534,1.7400001524947584e-05,0.0,0.0,0.0,2,1,1,0,0,3,0.0,0.0,0.0,0.0018322000032640062
Mk01-1401-19,Mk01,1401,19,10,0.5,4,12,0,K0.5-N4-b12,8474857484367868699,1.6699996194802225e-05,0.0,0.0,0.0,8,3,4,0,1,11,0.0,0.0,0.0,0.0069520000033662654
Mk01-1401-19,Mk01,1401,19,10,0.5,4,12,1,K0.5-N4-b12,17137894847147153590,1.7499995010439306e-05,0.0,0.0,0.0,9,2,7,0,0,11,0.0,0.0,0.0,0.006927599999471568
Mk01-1401-19,Mk01,1401,19,10,0.5,4,12,2,K0.5-N4-b12,6746886896568998232,1.7800004570744932e-05,0.0,0.0,0.0,9,2,6,0,1,11,0.0,0.0,0.0,0.006593100006284658
Mk01-1401-19,Mk01,1401,19,10,0.5,4,12,3,K0.5-N4-b12,9462937115110153534,1.7099999240599573e-05,0.0,0.0,0.0,7,4,2,0,1,11,0.0,0.0,0.0,0.007307600004423875
Mk01-1401-19,Mk01,1401,19,10,0.5,5,4,0,K0.5-N5-b4,3321621623688569749,1.799999881768599e-05,0.0,0.0,0.0,11,4,7,0,0,4,0.0,0.0,0.0,0.003214500000467524
Mk01-1401-19,Mk01,1401,19,10,0.5,5,4,1,K0.5-N5-b4,13425493588830455192,1.7300000763498247e-05,0.0,0.0,0.0,6,4,2,0,0,4,0.0,0.0,0.0,0.003101299997069873
Mk01-1401-19,Mk01,1401,19,10,0.5,5,4,2,K0.5-N5-b4,17812957264544004576,1.7099999240599573e-05,0.0,0.0,0.0,11,4,7,0,0,4,0.0,0.0,0.0,0.0032094000052893534
Mk01-1401-19,Mk01,1401,19,10,0.5,5,4,3,K0.5-N5-b4,8559430167662284248,1.7400001524947584e-05,0.0,0.0,0.0,11,4,6,0,1,4,0.0,0.0,0.0,0.0037359000052674673
Mk01-1401-19,Mk01,1401,19,10,0.5,5,12,0,K0.5-N5-b12,3321621623688569749,2.220000169472769e-05,0.0,0.0,0.0,27,12,15,0,0,12,0.0,0.0,0.0,0.009476599996560253
Mk01-1401-19,Mk01,1401,19,10,0.5,5,12,1,K0.5-N5-b12,13425493588830455192,1.7700003809295595e-05,0.0,0.0,0.0,30,12,18,0,0,12,0.0,0.0,0.0,0.010841299997991882
Mk01-1401-19,Mk01,1401,19,10,0.5,5,12,2,K0.5-N5-b12,17812957264544004576,1.960000372491777e-05,0.0,0.0,0.0,37,12,23,0,2,12,0.0,0.0,0.0,0.009837800003879238
Mk01-1401-19,Mk01,1401,19,10,0.5,5,12,3,K0.5-N5-b12,8559430167662284248,2.2899999748915434e-05,0.0,0.0,0.0,26,12,12,0,2,12,0.0,0.0,0.0,0.00971640000352636
Mk01-1401-19,Mk01,1401,19,10,0.5,6,4,0,K0.5-N6-b4,4942769146661671827,1.809999957913533e-05,0.0,0.0,0.0,2,1,0,0,1,3,0.0,0.0,0.0,0.0018330000020796433
Mk01-1401-19,Mk01,1401,19,10,0.5,6,4,1,K0.5-N6-b4,8288299699455309206,1.6800004232209176e-05,0.0,0.0,0.0,2,1,0,0,1,3,0.0,0.0,0.0,0.0018316999994567595
Mk01-1401-19,Mk01,1401,19,10,0.5,6,4,2,K0.5-N6-b4,13529797973722858095,1.679999695625156e-05,0.0,0.0,0.0,2,1,0,0,1,3,0.0,0.0,0.0,0.002534300001570955
Mk01-1401-19,Mk01,1401,19,10,0.5,6,4,3,K0.5-N6-b4,5255361274302106966,1.9699997210409492e-05,0.0,0.0,0.0,2,1,0,0,1,3,0.0,0.0,0.0,0.0018485999971744604
Mk01-1401-19,Mk01,1401,19,10,0.5,6,12,0,K0.5-N6-b12,4942769146661671827,1.6900004993658513e-05,0.0,0.0,0.0,10,1,0,0,9,11,0.0,0.0,0.0,0.0061165000006440096
Mk01-1401-19,Mk01,1401,19,10,0.5,6,12,1,K0.5-N6-b12,8288299699455309206,1.670000347075984e-05,0.0,0.0,0.0,10,1,0,0,9,11,0.0,0.0,0.0,0.006109299996751361
Mk01-1401-19,Mk01,1401,19,10,0.5,6,12,2,K0.5-N6-b12,13529797973722858095,1.7099999240599573e-05,0.0,0.0,0.0,10,1,0,0,9,11,0.0,0.0,0.0,0.006876299994473811
Mk01-1401-19,Mk01,1401,19,10,0.5,6,12,3,K0.5-N6-b12,5255361274302106966,1.8300001102034003e-05,0.0,0.0,0.0,10,1,0,0,9,11,0.0,0.0,0.0,0.006121899998106528
