state,instance,agv_boundary_gap_25,agv_second_quartile_share,machine_agv_top25_jaccard,wait_agv_top25_jaccard,flexible_fraction_a25,flexible_fraction_a50,agv_diversity_a25,agv_diversity_a50
Mk01-1401-0,Mk01,0.0,0.33806305590041247,0.2727272727272727,0.4,0.6428571428571429,0.7857142857142857,0.07142857142857142,0.03571428571428571
Mk01-1401-1,Mk01,0.0,0.30609080460758437,0.21739130434782608,0.2727272727272727,0.5714285714285714,0.5714285714285714,0.14285714285714285,0.07142857142857142
Mk01-1401-2,Mk01,0.0,0.3026525636560284,0.037037037037037035,0.16666666666666666,0.8571428571428571,0.7857142857142857,0.21428571428571427,0.10714285714285714
Mk01-1401-3,Mk01,8.892036937099546e-18,0.30184506928510696,0.16666666666666666,0.12,0.7857142857142857,0.7142857142857143,0.14285714285714285,0.10714285714285714
Mk01-1401-4,Mk01,4.6920148888119934e-18,0.2962513914099775,0.16666666666666666,0.12,0.7857142857142857,0.7142857142857143,0.14285714285714285,0.10714285714285714
Mk01-1401-5,Mk01,0.003744582057835025,0.31176766116525156,0.037037037037037035,0.21739130434782608,0.6428571428571429,0.75,0.21428571428571427,0.10714285714285714
Mk01-1401-6,Mk01,0.0,0.30973844591163036,0.16666666666666666,0.4,0.5714285714285714,0.7857142857142857,0.21428571428571427,0.10714285714285714
Mk01-1401-7,Mk01,0.003744582057835025,0.31176766116525156,0.037037037037037035,0.21739130434782608,0.6428571428571429,0.75,0.21428571428571427,0.10714285714285714
Mk01-1401-8,Mk01,0.00379194158243139,0.311280484501793,0.16666666666666666,0.12,0.7857142857142857,0.75,0.21428571428571427,0.10714285714285714
Mk01-1401-9,Mk01,0.0,0.3148885778878243,0.12,0.16666666666666666,0.8571428571428571,0.7857142857142857,0.14285714285714285,0.10714285714285714
Mk01-1401-10,Mk01,0.0,0.2902966674485992,0.16666666666666666,0.21739130434782608,0.7857142857142857,0.7142857142857143,0.21428571428571427,0.10714285714285714
Mk01-1401-11,Mk01,0.0,0.30598687768066457,0.12,0.21739130434782608,0.5714285714285714,0.6785714285714286,0.21428571428571427,0.10714285714285714
Mk01-1401-12,Mk01,0.0005273244803302225,0.29988319479252895,0.21739130434782608,0.16666666666666666,0.5714285714285714,0.6071428571428571,0.21428571428571427,0.10714285714285714
Mk01-1401-13,Mk01,0.005780733177614823,0.3065992488659827,0.16666666666666666,0.07692307692307693,0.6428571428571429,0.7142857142857143,0.21428571428571427,0.10714285714285714
Mk01-1401-14,Mk01,0.000521489722306725,0.3085183516350304,0.16666666666666666,0.2727272727272727,0.7142857142857143,0.75,0.21428571428571427,0.10714285714285714
Mk01-1401-15,Mk01,0.00023329803366352845,0.3140168660754925,0.07692307692307693,0.21739130434782608,0.7142857142857143,0.6428571428571429,0.21428571428571427,0.10714285714285714
Mk01-1401-16,Mk01,0.00023329803366352845,0.3140168660754925,0.07692307692307693,0.21739130434782608,0.7142857142857143,0.6428571428571429,0.21428571428571427,0.10714285714285714
Mk01-1401-17,Mk01,0.0018225742056125359,0.3138662257601014,0.16666666666666666,0.4,0.7142857142857143,0.7142857142857143,0.21428571428571427,0.10714285714285714
Mk01-1401-18,Mk01,0.00023329803366352845,0.3140168660754925,0.07692307692307693,0.21739130434782608,0.7142857142857143,0.6428571428571429,0.21428571428571427,0.10714285714285714
Mk01-1401-19,Mk01,0.0,0.3122365894481177,0.16666666666666666,0.07692307692307693,0.8571428571428571,0.7857142857142857,0.21428571428571427,0.10714285714285714
Mk01-1601-0,Mk01,0.0,0.30599932307577715,0.16666666666666666,0.21739130434782608,0.7857142857142857,0.75,0.21428571428571427,0.10714285714285714
Mk01-1601-1,Mk01,0.0,0.29591747471552865,0.12,0.21739130434782608,0.7142857142857143,0.75,0.21428571428571427,0.10714285714285714
Mk01-1601-2,Mk01,0.0,0.2953634674955069,0.037037037037037035,0.2727272727272727,0.7142857142857143,0.8214285714285714,0.21428571428571427,0.10714285714285714
Mk01-1601-3,Mk01,0.0,0.26672077546221856,0.07692307692307693,0.2727272727272727,0.5714285714285714,0.75,0.14285714285714285,0.10714285714285714
Mk01-1601-4,Mk01,0.0028415458837242184,0.29086705082711745,0.037037037037037035,0.2727272727272727,0.7142857142857143,0.7857142857142857,0.21428571428571427,0.10714285714285714
Mk01-1601-5,Mk01,0.0,0.28508861686414216,0.12,0.21739130434782608,0.6428571428571429,0.8214285714285714,0.14285714285714285,0.10714285714285714
Mk01-1601-6,Mk01,0.003473531198401183,0.2960255230463033,0.037037037037037035,0.3333333333333333,0.7857142857142857,0.7142857142857143,0.14285714285714285,0.10714285714285714
Mk01-1601-7,Mk01,0.0008645529248230722,0.2961431483505276,0.12,0.12,0.6428571428571429,0.8214285714285714,0.21428571428571427,0.10714285714285714
Mk01-1601-8,Mk01,0.0,0.2940840672441129,0.07692307692307693,0.2727272727272727,0.7142857142857143,0.7857142857142857,0.21428571428571427,0.10714285714285714
Mk01-1601-9,Mk01,0.0,0.29444446716534495,0.07692307692307693,0.16666666666666666,0.7142857142857143,0.7857142857142857,0.21428571428571427,0.10714285714285714
Mk01-1601-10,Mk01,0.0021021517368426954,0.31200264453897886,0.037037037037037035,0.3333333333333333,0.7857142857142857,0.7142857142857143,0.14285714285714285,0.10714285714285714
Mk01-1601-11,Mk01,0.0020729470051098165,0.30571476940192027,0.07692307692307693,0.3333333333333333,0.6428571428571429,0.75,0.21428571428571427,0.10714285714285714
Mk01-1601-12,Mk01,0.0006958458005705931,0.3250635171441131,0.07692307692307693,0.2727272727272727,0.7857142857142857,0.7142857142857143,0.14285714285714285,0.10714285714285714
Mk01-1601-13,Mk01,0.0,0.30491741563066593,0.07692307692307693,0.21739130434782608,0.7857142857142857,0.7857142857142857,0.21428571428571427,0.10714285714285714
Mk01-1601-14,Mk01,0.0,0.3095052590572653,0.16666666666666666,0.21739130434782608,0.6428571428571429,0.75,0.21428571428571427,0.10714285714285714
Mk01-1601-15,Mk01,0.0,0.30491741563066593,0.07692307692307693,0.21739130434782608,0.7857142857142857,0.7857142857142857,0.21428571428571427,0.10714285714285714
Mk01-1601-16,Mk01,0.0,0.31326001518030616,0.12,0.3333333333333333,0.7857142857142857,0.7142857142857143,0.21428571428571427,0.10714285714285714
Mk01-1601-17,Mk01,0.0,0.31183590036328074,0.037037037037037035,0.16666666666666666,0.6428571428571429,0.6785714285714286,0.21428571428571427,0.10714285714285714
Mk01-1601-18,Mk01,0.0001325993224174628,0.27947075190445775,0.07692307692307693,0.21739130434782608,0.6428571428571429,0.6785714285714286,0.21428571428571427,0.10714285714285714
Mk01-1601-19,Mk01,0.0001325993224174628,0.27947075190445775,0.07692307692307693,0.21739130434782608,0.6428571428571429,0.6785714285714286,0.21428571428571427,0.10714285714285714
Mk01-1801-0,Mk01,0.0,0.2986223436889955,0.07692307692307693,0.12,0.9285714285714286,0.7857142857142857,0.21428571428571427,0.10714285714285714
Mk01-1801-1,Mk01,0.003727438006752842,0.30111501698497967,0.037037037037037035,0.2727272727272727,0.7142857142857143,0.6785714285714286,0.21428571428571427,0.10714285714285714
Mk01-1801-2,Mk01,0.0029107029907473104,0.3043643752343956,0.07692307692307693,0.21739130434782608,0.7857142857142857,0.7857142857142857,0.21428571428571427,0.10714285714285714
Mk01-1801-3,Mk01,0.0,0.31932941480795884,0.07692307692307693,0.12,0.7142857142857143,0.7857142857142857,0.21428571428571427,0.10714285714285714
Mk01-1801-4,Mk01,0.0017648605009199863,0.284335656082868,0.16666666666666666,0.16666666666666666,0.6428571428571429,0.7142857142857143,0.21428571428571427,0.10714285714285714
Mk01-1801-5,Mk01,0.0,0.301081919689511,0.16666666666666666,0.3333333333333333,0.6428571428571429,0.7142857142857143,0.14285714285714285,0.10714285714285714
Mk01-1801-6,Mk01,0.0,0.301081919689511,0.16666666666666666,0.3333333333333333,0.6428571428571429,0.7142857142857143,0.14285714285714285,0.10714285714285714
Mk01-1801-7,Mk01,0.0,0.32902108816610515,0.037037037037037035,0.12,0.7142857142857143,0.7142857142857143,0.21428571428571427,0.10714285714285714
Mk01-1801-8,Mk01,0.0,0.3069900659217926,0.16666666666666666,0.12,0.7142857142857143,0.7142857142857143,0.21428571428571427,0.10714285714285714
Mk01-1801-9,Mk01,0.0,0.3270367282529059,0.12,0.12,0.7142857142857143,0.75,0.21428571428571427,0.10714285714285714
Mk01-1801-10,Mk01,0.0,0.3279910976425999,0.12,0.21739130434782608,0.6428571428571429,0.6428571428571429,0.21428571428571427,0.10714285714285714
Mk01-1801-11,Mk01,4.3102079172748127e-17,0.330832433505852,0.12,0.21739130434782608,0.6428571428571429,0.75,0.21428571428571427,0.10714285714285714
Mk01-1801-12,Mk01,0.0,0.2922986628674091,0.07692307692307693,0.4,0.6428571428571429,0.75,0.21428571428571427,0.10714285714285714
Mk01-1801-13,Mk01,0.0,0.31084036621666017,0.12,0.16666666666666666,0.7857142857142857,0.6785714285714286,0.21428571428571427,0.10714285714285714
Mk01-1801-14,Mk01,0.0,0.31407047305484614,0.12,0.21739130434782608,0.7857142857142857,0.6428571428571429,0.21428571428571427,0.10714285714285714
Mk01-1801-15,Mk01,0.0,0.29363687192396015,0.21739130434782608,0.21739130434782608,0.5714285714285714,0.6071428571428571,0.21428571428571427,0.10714285714285714
Mk01-1801-16,Mk01,0.0,0.29223743186534584,0.21739130434782608,0.16666666666666666,0.7142857142857143,0.6071428571428571,0.21428571428571427,0.10714285714285714
Mk01-1801-17,Mk01,0.0,0.3130234596010121,0.16666666666666666,0.21739130434782608,0.7142857142857143,0.6428571428571429,0.21428571428571427,0.10714285714285714
Mk01-1801-18,Mk01,0.002223160890153622,0.2959891707362862,0.07692307692307693,0.2727272727272727,0.5714285714285714,0.6071428571428571,0.21428571428571427,0.10714285714285714
Mk01-1801-19,Mk01,0.0,0.30039315483143053,0.16666666666666666,0.21739130434782608,0.5,0.5714285714285714,0.21428571428571427,0.10714285714285714
Mk02-1401-0,Mk02,0.007531314959315704,0.30762524949205006,0.1111111111111111,0.2,0.8666666666666667,0.896551724137931,0.06666666666666667,0.06896551724137931
Mk02-1401-1,Mk02,0.0017587304796078214,0.2780441704149189,0.1111111111111111,0.2,0.8666666666666667,0.896551724137931,0.13333333333333333,0.10344827586206896
Mk02-1401-2,Mk02,0.0017587304796078214,0.2780441704149189,0.1111111111111111,0.2,0.8666666666666667,0.896551724137931,0.13333333333333333,0.10344827586206896
Mk02-1401-3,Mk02,0.0,0.30508822542770886,0.07142857142857142,0.1111111111111111,0.8666666666666667,0.896551724137931,0.2,0.10344827586206896
Mk02-1401-4,Mk02,0.00046826306696162473,0.30067494469651707,0.07142857142857142,0.25,0.9333333333333333,0.9310344827586207,0.13333333333333333,0.10344827586206896
Mk02-1401-5,Mk02,0.0,0.3128152277908364,0.07142857142857142,0.25,0.8,0.8620689655172413,0.2,0.10344827586206896
Mk02-1401-6,Mk02,1.0356138576875397e-17,0.32194338880880624,0.1111111111111111,0.36363636363636365,0.8666666666666667,0.8620689655172413,0.2,0.10344827586206896
Mk02-1401-7,Mk02,0.0,0.3128152277908364,0.07142857142857142,0.25,0.8,0.8620689655172413,0.2,0.10344827586206896
Mk02-1401-8,Mk02,0.0008303223337247007,0.30612297852189646,0.1111111111111111,0.2,0.8,0.8620689655172413,0.2,0.10344827586206896
Mk02-1401-9,Mk02,0.000842236862667678,0.3098855906761747,0.15384615384615385,0.2,0.8,0.8620689655172413,0.2,0.10344827586206896
Mk02-1401-10,Mk02,1.1003386267912691e-17,0.32498320174701834,0.07142857142857142,0.25,0.8666666666666667,0.896551724137931,0.2,0.10344827586206896
Mk02-1401-11,Mk02,0.000842236862667678,0.3098855906761747,0.15384615384615385,0.2,0.8,0.8620689655172413,0.2,0.10344827586206896
Mk02-1401-12,Mk02,0.0001723902089856444,0.33318155499716123,0.1111111111111111,0.25,0.8,0.8620689655172413,0.2,0.10344827586206896
Mk02-1401-13,Mk02,0.0,0.3199292391967865,0.15384615384615385,0.25,0.8666666666666667,0.9310344827586207,0.13333333333333333,0.10344827586206896
Mk02-1401-14,Mk02,0.0,0.3375103588558801,0.15384615384615385,0.2,0.8,0.8620689655172413,0.2,0.10344827586206896
Mk02-1401-15,Mk02,0.00037706624399121917,0.32381636196553115,0.2,0.25,0.8666666666666667,0.9310344827586207,0.2,0.10344827586206896
Mk02-1401-16,Mk02,0.00037706624399121917,0.32381636196553115,0.2,0.25,0.8666666666666667,0.9310344827586207,0.2,0.10344827586206896
Mk02-1401-17,Mk02,0.0,0.32065323460191725,0.15384615384615385,0.15384615384615385,0.9333333333333333,0.9310344827586207,0.2,0.10344827586206896
Mk02-1401-18,Mk02,0.0034116574059121843,0.323065760833718,0.2,0.36363636363636365,0.8666666666666667,0.9310344827586207,0.2,0.10344827586206896
Mk02-1401-19,Mk02,0.0,0.3402273002000223,0.2,0.15384615384615385,0.8666666666666667,0.9310344827586207,0.2,0.10344827586206896
Mk02-1601-0,Mk02,0.0,0.30072725407329365,0.07142857142857142,0.15384615384615385,0.8666666666666667,0.896551724137931,0.2,0.10344827586206896
Mk02-1601-1,Mk02,0.001229884043323999,0.31549600421368973,0.07142857142857142,0.15384615384615385,0.8,0.8275862068965517,0.2,0.10344827586206896
Mk02-1601-2,Mk02,0.0012831992947982972,0.31954870438714683,0.07142857142857142,0.15384615384615385,0.8,0.8275862068965517,0.2,0.10344827586206896
Mk02-1601-3,Mk02,0.000676874556260908,0.29673346715503,0.15384615384615385,0.15384615384615385,0.8666666666666667,0.8620689655172413,0.2,0.10344827586206896
Mk02-1601-4,Mk02,0.0,0.32388909443858577,0.2,0.2,0.8,0.896551724137931,0.2,0.10344827586206896
Mk02-1601-5,Mk02,0.0,0.3204459790354087,0.15384615384615385,0.2,0.8,0.896551724137931,0.2,0.10344827586206896
Mk02-1601-6,Mk02,0.0,0.30598382021797976,0.1111111111111111,0.2,0.7333333333333333,0.8275862068965517,0.2,0.10344827586206896
Mk02-1601-7,Mk02,0.0,0.32525626340059327,0.15384615384615385,0.30434782608695654,0.8666666666666667,0.8620689655172413,0.2,0.10344827586206896
Mk02-1601-8,Mk02,1.870165262085028e-17,0.3296444874809794,0.30434782608695654,0.36363636363636365,0.8,0.8275862068965517,0.2,0.10344827586206896
Mk02-1601-9,Mk02,0.0,0.3094850670505877,0.2,0.30434782608695654,0.8666666666666667,0.8275862068965517,0.13333333333333333,0.10344827586206896
Mk02-1601-10,Mk02,0.0,0.3218146073528253,0.2,0.36363636363636365,0.8,0.8275862068965517,0.13333333333333333,0.10344827586206896
Mk02-1601-11,Mk02,0.0,0.3179754932631735,0.15384615384615385,0.2,0.8666666666666667,0.8275862068965517,0.2,0.10344827586206896
Mk02-1601-12,Mk02,0.0,0.32100004345953714,0.15384615384615385,0.25,0.8666666666666667,0.8275862068965517,0.2,0.10344827586206896
Mk02-1601-13,Mk02,0.0,0.32526093721251353,0.2,0.2,0.8,0.8620689655172413,0.2,0.10344827586206896
Mk02-1601-14,Mk02,0.0007898654190843381,0.3265682491971786,0.15384615384615385,0.30434782608695654,0.8,0.8620689655172413,0.2,0.10344827586206896
Mk02-1601-15,Mk02,0.0007898654190843381,0.3265682491971786,0.15384615384615385,0.30434782608695654,0.8,0.8620689655172413,0.2,0.10344827586206896
Mk02-1601-16,Mk02,0.004674990052263534,0.32821998861586393,0.15384615384615385,0.25,0.8,0.8620689655172413,0.2,0.10344827586206896
Mk02-1601-17,Mk02,0.004674990052263534,0.32821998861586393,0.15384615384615385,0.25,0.8,0.8620689655172413,0.2,0.10344827586206896
Mk02-1601-18,Mk02,0.004674990052263534,0.32821998861586393,0.15384615384615385,0.25,0.8,0.8620689655172413,0.2,0.10344827586206896
Mk02-1601-19,Mk02,0.004674990052263534,0.32821998861586393,0.15384615384615385,0.25,0.8,0.8620689655172413,0.2,0.10344827586206896
Mk02-1801-0,Mk02,0.0,0.294993089304026,0.15384615384615385,0.1111111111111111,0.8666666666666667,0.896551724137931,0.2,0.10344827586206896
Mk02-1801-1,Mk02,0.0,0.2966021072487971,0.2,0.25,0.9333333333333333,0.896551724137931,0.13333333333333333,0.10344827586206896
Mk02-1801-2,Mk02,0.0007516053875443606,0.2928374662008484,0.15384615384615385,0.36363636363636365,0.9333333333333333,0.9310344827586207,0.13333333333333333,0.10344827586206896
Mk02-1801-3,Mk02,0.0005829124290235471,0.28525220994562656,0.1111111111111111,0.2,0.8666666666666667,0.9310344827586207,0.2,0.10344827586206896
Mk02-1801-4,Mk02,0.00278831820970264,0.3030953246746036,0.25,0.36363636363636365,0.9333333333333333,0.896551724137931,0.2,0.10344827586206896
Mk02-1801-5,Mk02,0.00048203999325140145,0.30356602475007566,0.15384615384615385,0.25,0.8666666666666667,0.896551724137931,0.2,0.10344827586206896
Mk02-1801-6,Mk02,0.004461568810150396,0.29889573024087435,0.25,0.2,0.9333333333333333,0.9310344827586207,0.2,0.10344827586206896
Mk02-1801-7,Mk02,0.0033846193410493365,0.30168973798845883,0.25,0.2,0.9333333333333333,0.896551724137931,0.2,0.10344827586206896
Mk02-1801-8,Mk02,0.0033057444011761945,0.2991416078874105,0.2,0.2,0.8666666666666667,0.896551724137931,0.2,0.10344827586206896
Mk02-1801-9,Mk02,0.0006707884019084638,0.3022636562187614,0.2,0.15384615384615385,0.8666666666666667,0.896551724137931,0.2,0.10344827586206896
Mk02-1801-10,Mk02,0.004752477001643219,0.29854089064283196,0.2,0.25,0.8666666666666667,0.896551724137931,0.2,0.10344827586206896
Mk02-1801-11,Mk02,0.004086373913584608,0.31541680124932214,0.2,0.25,0.8,0.8620689655172413,0.2,0.10344827586206896
Mk02-1801-12,Mk02,0.003169906365369044,0.30817062994768657,0.2,0.2,0.8,0.8620689655172413,0.2,0.10344827586206896
Mk02-1801-13,Mk02,0.0,0.29887092151183303,0.2,0.25,0.8666666666666667,0.896551724137931,0.2,0.10344827586206896
Mk02-1801-14,Mk02,0.0007781445465449326,0.3165610967377405,0.2,0.2,0.8,0.8620689655172413,0.2,0.10344827586206896
Mk02-1801-15,Mk02,0.0,0.30072652452339177,0.15384615384615385,0.2,0.8,0.8620689655172413,0.2,0.10344827586206896
Mk02-1801-16,Mk02,0.0,0.3100979683674997,0.2,0.15384615384615385,0.8,0.8620689655172413,0.2,0.10344827586206896
Mk02-1801-17,Mk02,4.0475715528573434e-17,0.3126653905757406,0.2,0.15384615384615385,0.8,0.8620689655172413,0.2,0.10344827586206896
Mk02-1801-18,Mk02,0.0,0.30278949512360165,0.2,0.2,0.8,0.8620689655172413,0.2,0.10344827586206896
Mk02-1801-19,Mk02,0.005597713645767821,0.29947131694440104,0.25,0.25,0.8,0.8620689655172413,0.2,0.10344827586206896
Mk03-1401-0,Mk03,0.00013898659614896625,0.29138084745684417,0.20634920634920634,0.26666666666666666,0.9210526315789473,0.88,0.05263157894736842,0.05333333333333334
Mk03-1401-1,Mk03,0.0,0.2920136416819658,0.16923076923076924,0.2459016393442623,0.868421052631579,0.88,0.10526315789473684,0.05333333333333334
Mk03-1401-2,Mk03,0.0,0.28604557678096904,0.15151515151515152,0.20634920634920634,0.8421052631578947,0.8666666666666667,0.10526315789473684,0.05333333333333334
Mk03-1401-3,Mk03,0.0,0.2910855760368309,0.15151515151515152,0.16923076923076924,0.8421052631578947,0.8666666666666667,0.10526315789473684,0.05333333333333334
Mk03-1401-4,Mk03,0.0,0.2901677301717958,0.15151515151515152,0.16923076923076924,0.8421052631578947,0.8666666666666667,0.10526315789473684,0.05333333333333334
Mk03-1401-5,Mk03,0.0,0.2968645426123636,0.08571428571428572,0.16923076923076924,0.8947368421052632,0.8933333333333333,0.10526315789473684,0.05333333333333334
Mk03-1401-6,Mk03,0.0,0.2980895626956079,0.10144927536231885,0.16923076923076924,0.8947368421052632,0.9066666666666666,0.10526315789473684,0.05333333333333334
Mk03-1401-7,Mk03,0.0,0.296433225867323,0.13432835820895522,0.13432835820895522,0.8947368421052632,0.88,0.10526315789473684,0.05333333333333334
Mk03-1401-8,Mk03,0.0,0.29484768247302173,0.10144927536231885,0.11764705882352941,0.8947368421052632,0.88,0.10526315789473684,0.05333333333333334
Mk03-1401-9,Mk03,0.000787737138418763,0.2962814868380941,0.13432835820895522,0.15151515151515152,0.868421052631579,0.88,0.10526315789473684,0.05333333333333334
Mk03-1401-10,Mk03,0.0,0.29705396468931117,0.13432835820895522,0.13432835820895522,0.8947368421052632,0.8933333333333333,0.10526315789473684,0.05333333333333334
Mk03-1401-11,Mk03,0.0,0.2970611807627072,0.13432835820895522,0.10144927536231885,0.8947368421052632,0.8933333333333333,0.10526315789473684,0.05333333333333334
Mk03-1401-12,Mk03,0.0,0.2941362157995012,0.16923076923076924,0.15151515151515152,0.8947368421052632,0.8933333333333333,0.10526315789473684,0.05333333333333334
Mk03-1401-13,Mk03,0.0,0.29715803049942013,0.20634920634920634,0.15151515151515152,0.868421052631579,0.8933333333333333,0.10526315789473684,0.05333333333333334
Mk03-1401-14,Mk03,0.0,0.2996041726311923,0.20634920634920634,0.16923076923076924,0.868421052631579,0.8933333333333333,0.10526315789473684,0.05333333333333334
Mk03-1401-15,Mk03,0.00016138876973018006,0.2968949769036532,0.20634920634920634,0.13432835820895522,0.868421052631579,0.8933333333333333,0.10526315789473684,0.05333333333333334
Mk03-1401-16,Mk03,0.0005656914899634999,0.30021942364764986,0.20634920634920634,0.13432835820895522,0.868421052631579,0.8933333333333333,0.10526315789473684,0.05333333333333334
Mk03-1401-17,Mk03,0.0,0.3009809601149529,0.1875,0.13432835820895522,0.868421052631579,0.8933333333333333,0.10526315789473684,0.05333333333333334
Mk03-1401-18,Mk03,1.6144792619438482e-18,0.30002115250561795,0.16923076923076924,0.15151515151515152,0.868421052631579,0.8933333333333333,0.10526315789473684,0.05333333333333334
Mk03-1401-19,Mk03,0.0,0.30128979971950026,0.1875,0.13432835820895522,0.868421052631579,0.8933333333333333,0.10526315789473684,0.05333333333333334
Mk03-1601-0,Mk03,0.0,0.2981918735275099,0.13432835820895522,0.16923076923076924,0.8947368421052632,0.8266666666666667,0.10526315789473684,0.05333333333333334
Mk03-1601-1,Mk03,0.0006118573420614918,0.27562179058162706,0.2459016393442623,0.1875,0.7894736842105263,0.84,0.10526315789473684,0.05333333333333334
Mk03-1601-2,Mk03,0.0,0.3057275670304003,0.20634920634920634,0.20634920634920634,0.8421052631578947,0.8666666666666667,0.07894736842105263,0.05333333333333334
Mk03-1601-3,Mk03,0.0,0.3057275670304003,0.20634920634920634,0.20634920634920634,0.8421052631578947,0.8666666666666667,0.07894736842105263,0.05333333333333334
Mk03-1601-4,Mk03,0.0,0.2958648239641385,0.13432835820895522,0.13432835820895522,0.9210526315789473,0.88,0.10526315789473684,0.05333333333333334
Mk03-1601-5,Mk03,0.0,0.29918371926110604,0.10144927536231885,0.15151515151515152,0.9210526315789473,0.8266666666666667,0.10526315789473684,0.05333333333333334
Mk03-1601-6,Mk03,0.0,0.3000043495039855,0.13432835820895522,0.1875,0.9210526315789473,0.8266666666666667,0.10526315789473684,0.05333333333333334
Mk03-1601-7,Mk03,0.0,0.3008950143406701,0.13432835820895522,0.16923076923076924,0.8947368421052632,0.8133333333333334,0.10526315789473684,0.05333333333333334
Mk03-1601-8,Mk03,0.0,0.29824706016582847,0.13432835820895522,0.16923076923076924,0.8947368421052632,0.8,0.10526315789473684,0.05333333333333334
Mk03-1601-9,Mk03,0.0001931881846106317,0.2972086288741042,0.13432835820895522,0.16923076923076924,0.8947368421052632,0.8266666666666667,0.10526315789473684,0.05333333333333334
Mk03-1601-10,Mk03,0.0,0.29886462131855196,0.13432835820895522,0.15151515151515152,0.9210526315789473,0.8133333333333334,0.10526315789473684,0.05333333333333334
Mk03-1601-11,Mk03,0.0,0.296957693045398,0.13432835820895522,0.15151515151515152,0.8947368421052632,0.8,0.10526315789473684,0.05333333333333334
Mk03-1601-12,Mk03,0.0,0.29970326458108176,0.13432835820895522,0.15151515151515152,0.9210526315789473,0.8266666666666667,0.10526315789473684,0.05333333333333334
Mk03-1601-13,Mk03,0.0,0.29790085403646344,0.11764705882352941,0.20634920634920634,0.8947368421052632,0.8133333333333334,0.10526315789473684,0.05333333333333334
Mk03-1601-14,Mk03,0.0,0.3026485473242094,0.13432835820895522,0.26666666666666666,0.868421052631579,0.8,0.10526315789473684,0.05333333333333334
Mk03-1601-15,Mk03,0.0,0.2952213052708404,0.11764705882352941,0.20634920634920634,0.8947368421052632,0.8,0.10526315789473684,0.05333333333333334
Mk03-1601-16,Mk03,0.0,0.2952213052708404,0.11764705882352941,0.20634920634920634,0.8947368421052632,0.8,0.10526315789473684,0.05333333333333334
Mk03-1601-17,Mk03,0.0,0.2972674718534803,0.11764705882352941,0.16923076923076924,0.8947368421052632,0.8133333333333334,0.10526315789473684,0.05333333333333334
Mk03-1601-18,Mk03,0.0,0.2978046943081324,0.11764705882352941,0.22580645161290322,0.8947368421052632,0.8,0.10526315789473684,0.05333333333333334
Mk03-1601-19,Mk03,0.0,0.2978046943081324,0.11764705882352941,0.22580645161290322,0.8947368421052632,0.8,0.10526315789473684,0.05333333333333334
Mk03-1801-0,Mk03,0.0,0.29483872229149105,0.10144927536231885,0.20634920634920634,0.8947368421052632,0.8666666666666667,0.07894736842105263,0.05333333333333334
Mk03-1801-1,Mk03,0.0,0.2944715045113183,0.1875,0.20634920634920634,0.8157894736842105,0.8533333333333334,0.10526315789473684,0.05333333333333334
Mk03-1801-2,Mk03,0.0,0.29455943013866054,0.20634920634920634,0.1875,0.8157894736842105,0.84,0.10526315789473684,0.05333333333333334
Mk03-1801-3,Mk03,0.00012056773502445937,0.28980568594601486,0.1875,0.20634920634920634,0.8947368421052632,0.84,0.07894736842105263,0.05333333333333334
Mk03-1801-4,Mk03,0.0,0.29641500751792615,0.20634920634920634,0.1875,0.8947368421052632,0.8533333333333334,0.07894736842105263,0.05333333333333334
Mk03-1801-5,Mk03,0.0,0.2982178372667461,0.20634920634920634,0.22580645161290322,0.8947368421052632,0.84,0.07894736842105263,0.05333333333333334
Mk03-1801-6,Mk03,0.0,0.30016100060716855,0.1875,0.22580645161290322,0.868421052631579,0.8666666666666667,0.07894736842105263,0.05333333333333334
Mk03-1801-7,Mk03,0.0,0.29509212584147254,0.20634920634920634,0.1875,0.8947368421052632,0.84,0.10526315789473684,0.05333333333333334
Mk03-1801-8,Mk03,0.0,0.29978047772829597,0.22580645161290322,0.15151515151515152,0.8947368421052632,0.84,0.10526315789473684,0.05333333333333334
Mk03-1801-9,Mk03,0.0,0.29641500751792615,0.1875,0.1875,0.8947368421052632,0.8533333333333334,0.07894736842105263,0.05333333333333334
Mk03-1801-10,Mk03,0.0007888143260155267,0.29540824009787037,0.20634920634920634,0.1875,0.8947368421052632,0.8266666666666667,0.10526315789473684,0.05333333333333334
Mk03-1801-11,Mk03,0.0007888143260155267,0.29540824009787037,0.20634920634920634,0.1875,0.8947368421052632,0.8266666666666667,0.10526315789473684,0.05333333333333334
Mk03-1801-12,Mk03,0.0007309478800537915,0.2974944714757092,0.20634920634920634,0.20634920634920634,0.8947368421052632,0.8266666666666667,0.10526315789473684,0.05333333333333334
Mk03-1801-13,Mk03,0.0,0.29872643792294307,0.22580645161290322,0.20634920634920634,0.868421052631579,0.8266666666666667,0.10526315789473684,0.05333333333333334
Mk03-1801-14,Mk03,0.0,0.30052506631328596,0.20634920634920634,0.20634920634920634,0.8947368421052632,0.8266666666666667,0.10526315789473684,0.05333333333333334
Mk03-1801-15,Mk03,0.0,0.29982057798134637,0.20634920634920634,0.1875,0.8947368421052632,0.8266666666666667,0.10526315789473684,0.05333333333333334
Mk03-1801-16,Mk03,0.0,0.2970705874755129,0.20634920634920634,0.16923076923076924,0.8947368421052632,0.84,0.10526315789473684,0.05333333333333334
Mk03-1801-17,Mk03,0.0,0.3026086105908668,0.1875,0.22580645161290322,0.8947368421052632,0.8266666666666667,0.10526315789473684,0.05333333333333334
Mk03-1801-18,Mk03,0.0004472981578062031,0.30423270180699663,0.22580645161290322,0.2459016393442623,0.8947368421052632,0.8266666666666667,0.10526315789473684,0.05333333333333334
Mk03-1801-19,Mk03,1.1445548993352459e-17,0.3027231751587065,0.22580645161290322,0.22580645161290322,0.8947368421052632,0.84,0.10526315789473684,0.05333333333333334
Mk04-1401-0,Mk04,0.0,0.2758545532224525,0.15,0.15,0.7391304347826086,0.7333333333333333,0.13043478260869565,0.06666666666666667
Mk04-1401-1,Mk04,0.0,0.2968165293953152,0.15,0.12195121951219512,0.6956521739130435,0.7333333333333333,0.17391304347826086,0.08888888888888889
Mk04-1401-2,Mk04,4.215421443792487e-17,0.28818271730443595,0.06976744186046512,0.15,0.782608695652174,0.7333333333333333,0.13043478260869565,0.08888888888888889
Mk04-1401-3,Mk04,0.0,0.3079577717834134,0.12195121951219512,0.15,0.782608695652174,0.6888888888888889,0.17391304347826086,0.08888888888888889
Mk04-1401-4,Mk04,0.0,0.3079577717834134,0.12195121951219512,0.15,0.782608695652174,0.6888888888888889,0.17391304347826086,0.08888888888888889
Mk04-1401-5,Mk04,0.0,0.3033475779340297,0.045454545454545456,0.09523809523809523,0.782608695652174,0.7333333333333333,0.17391304347826086,0.08888888888888889
Mk04-1401-6,Mk04,0.0,0.3033475779340297,0.045454545454545456,0.09523809523809523,0.782608695652174,0.7333333333333333,0.17391304347826086,0.08888888888888889
Mk04-1401-7,Mk04,0.0,0.30256508043714947,0.09523809523809523,0.06976744186046512,0.6521739130434783,0.7333333333333333,0.17391304347826086,0.08888888888888889
Mk04-1401-8,Mk04,0.0,0.3150453474679154,0.045454545454545456,0.09523809523809523,0.6956521739130435,0.7777777777777778,0.17391304347826086,0.08888888888888889
Mk04-1401-9,Mk04,0.0,0.3061458591964528,0.045454545454545456,0.06976744186046512,0.6521739130434783,0.7333333333333333,0.17391304347826086,0.08888888888888889
Mk04-1401-10,Mk04,0.0,0.30988681541784513,0.12195121951219512,0.15,0.8260869565217391,0.8,0.17391304347826086,0.08888888888888889
Mk04-1401-11,Mk04,0.00035756647277713566,0.30456728861870497,0.06976744186046512,0.12195121951219512,0.7391304347826086,0.7333333333333333,0.17391304347826086,0.08888888888888889
Mk04-1401-12,Mk04,0.0,0.30123961877902167,0.06976744186046512,0.12195121951219512,0.7391304347826086,0.7333333333333333,0.17391304347826086,0.08888888888888889
Mk04-1401-13,Mk04,0.0,0.29965602930219903,0.045454545454545456,0.15,0.6956521739130435,0.7555555555555555,0.17391304347826086,0.08888888888888889
Mk04-1401-14,Mk04,0.0,0.3032872766555798,0.09523809523809523,0.15,0.6956521739130435,0.7555555555555555,0.17391304347826086,0.08888888888888889
Mk04-1401-15,Mk04,2.1568900234131e-05,0.3041543858740959,0.022222222222222223,0.06976744186046512,0.7391304347826086,0.7777777777777778,0.17391304347826086,0.08888888888888889
Mk04-1401-16,Mk04,2.1568900234131e-05,0.3041543858740959,0.022222222222222223,0.06976744186046512,0.7391304347826086,0.7777777777777778,0.17391304347826086,0.08888888888888889
Mk04-1401-17,Mk04,0.0,0.3032872766555798,0.09523809523809523,0.15,0.6956521739130435,0.7555555555555555,0.17391304347826086,0.08888888888888889
Mk04-1401-18,Mk04,2.1568900234131e-05,0.3041543858740959,0.022222222222222223,0.06976744186046512,0.7391304347826086,0.7777777777777778,0.17391304347826086,0.08888888888888889
Mk04-1401-19,Mk04,4.343895342047647e-17,0.29979442552796026,0.09523809523809523,0.1794871794871795,0.8260869565217391,0.7777777777777778,0.17391304347826086,0.08888888888888889
Mk04-1601-0,Mk04,0.0,0.2812709455733254,0.09523809523809523,0.12195121951219512,0.6956521739130435,0.7333333333333333,0.17391304347826086,0.08888888888888889
Mk04-1601-1,Mk04,0.0013959091896096974,0.28854910121054256,0.12195121951219512,0.24324324324324326,0.6086956521739131,0.6666666666666666,0.13043478260869565,0.08888888888888889
Mk04-1601-2,Mk04,0.0,0.2966611146466056,0.09523809523809523,0.06976744186046512,0.7391304347826086,0.7333333333333333,0.17391304347826086,0.08888888888888889
Mk04-1601-3,Mk04,0.0,0.2999144618124722,0.06976744186046512,0.15,0.6521739130434783,0.7111111111111111,0.13043478260869565,0.08888888888888889
Mk04-1601-4,Mk04,0.0,0.27622011028527244,0.12195121951219512,0.1794871794871795,0.6086956521739131,0.6888888888888889,0.17391304347826086,0.08888888888888889
Mk04-1601-5,Mk04,0.0,0.26431355526399164,0.12195121951219512,0.3142857142857143,0.6521739130434783,0.6666666666666666,0.17391304347826086,0.08888888888888889
Mk04-1601-6,Mk04,0.0,0.2949217763817026,0.15,0.21052631578947367,0.7391304347826086,0.7555555555555555,0.17391304347826086,0.08888888888888889
Mk04-1601-7,Mk04,3.62484012731072e-17,0.30806815911321916,0.12195121951219512,0.21052631578947367,0.7391304347826086,0.7333333333333333,0.17391304347826086,0.08888888888888889
Mk04-1601-8,Mk04,0.001480941316294383,0.2799447740111671,0.1794871794871795,0.15,0.6956521739130435,0.7111111111111111,0.17391304347826086,0.08888888888888889
Mk04-1601-9,Mk04,0.0,0.28071163600021576,0.1794871794871795,0.15,0.6956521739130435,0.7111111111111111,0.17391304347826086,0.08888888888888889
Mk04-1601-10,Mk04,0.0017156213103298524,0.29230139032794394,0.12195121951219512,0.24324324324324326,0.6521739130434783,0.6888888888888889,0.17391304347826086,0.08888888888888889
Mk04-1601-11,Mk04,0.0,0.28076771658988087,0.12195121951219512,0.24324324324324326,0.6521739130434783,0.7333333333333333,0.17391304347826086,0.08888888888888889
Mk04-1601-12,Mk04,0.0,0.2802088099395782,0.12195121951219512,0.1794871794871795,0.6956521739130435,0.6888888888888889,0.17391304347826086,0.08888888888888889
Mk04-1601-13,Mk04,1.960188808701552e-17,0.29372182549911985,0.15,0.21052631578947367,0.6956521739130435,0.6888888888888889,0.17391304347826086,0.08888888888888889
Mk04-1601-14,Mk04,1.960188808701552e-17,0.29372182549911985,0.15,0.21052631578947367,0.6956521739130435,0.6888888888888889,0.17391304347826086,0.08888888888888889
Mk04-1601-15,Mk04,0.0,0.28913285105370806,0.12195121951219512,0.24324324324324326,0.6521739130434783,0.6888888888888889,0.17391304347826086,0.08888888888888889
Mk04-1601-16,Mk04,0.0007792235037784726,0.2863446575487527,0.12195121951219512,0.21052631578947367,0.6956521739130435,0.6888888888888889,0.17391304347826086,0.08888888888888889
Mk04-1601-17,Mk04,0.0002212995817940757,0.3040666312922638,0.09523809523809523,0.21052631578947367,0.6956521739130435,0.6888888888888889,0.17391304347826086,0.08888888888888889
Mk04-1601-18,Mk04,0.0,0.304386159777656,0.06976744186046512,0.21052631578947367,0.782608695652174,0.7111111111111111,0.17391304347826086,0.08888888888888889
Mk04-1601-19,Mk04,0.0,0.30237016034024883,0.06976744186046512,0.21052631578947367,0.7391304347826086,0.7111111111111111,0.17391304347826086,0.08888888888888889
Mk04-1801-0,Mk04,0.0,0.3005199086404135,0.09523809523809523,0.21052631578947367,0.6956521739130435,0.7555555555555555,0.13043478260869565,0.08888888888888889
Mk04-1801-1,Mk04,0.0027726560658783107,0.28038126704121374,0.15,0.24324324324324326,0.7391304347826086,0.7333333333333333,0.17391304347826086,0.08888888888888889
Mk04-1801-2,Mk04,3.626468323025955e-05,0.28221493805765446,0.15,0.24324324324324326,0.6956521739130435,0.7111111111111111,0.17391304347826086,0.08888888888888889
Mk04-1801-3,Mk04,0.0,0.2856379732729572,0.12195121951219512,0.1794871794871795,0.7391304347826086,0.7777777777777778,0.17391304347826086,0.08888888888888889
Mk04-1801-4,Mk04,0.0,0.284466902833114,0.12195121951219512,0.1794871794871795,0.7391304347826086,0.7777777777777778,0.17391304347826086,0.08888888888888889
Mk04-1801-5,Mk04,0.0010861864569839163,0.2852228100929332,0.15,0.21052631578947367,0.782608695652174,0.7777777777777778,0.17391304347826086,0.08888888888888889
Mk04-1801-6,Mk04,2.2226193302090474e-05,0.29371825543941626,0.15,0.2777777777777778,0.7391304347826086,0.7777777777777778,0.17391304347826086,0.08888888888888889
Mk04-1801-7,Mk04,0.0,0.2914473005695088,0.12195121951219512,0.1794871794871795,0.6956521739130435,0.7333333333333333,0.17391304347826086,0.08888888888888889
Mk04-1801-8,Mk04,0.0,0.30146561997076127,0.06976744186046512,0.1794871794871795,0.782608695652174,0.7555555555555555,0.17391304347826086,0.08888888888888889
Mk04-1801-9,Mk04,3.416175199144305e-17,0.2939703795450569,0.15,0.2777777777777778,0.782608695652174,0.7333333333333333,0.17391304347826086,0.08888888888888889
Mk04-1801-10,Mk04,0.0,0.30583414929092845,0.15,0.21052631578947367,0.6521739130434783,0.6888888888888889,0.17391304347826086,0.08888888888888889
Mk04-1801-11,Mk04,0.0,0.3000086004656183,0.12195121951219512,0.1794871794871795,0.5217391304347826,0.6444444444444445,0.17391304347826086,0.08888888888888889
Mk04-1801-12,Mk04,0.0,0.30459292602077337,0.15,0.1794871794871795,0.5652173913043478,0.6444444444444445,0.17391304347826086,0.08888888888888889
Mk04-1801-13,Mk04,0.0,0.3011856211473091,0.12195121951219512,0.1794871794871795,0.6086956521739131,0.7333333333333333,0.17391304347826086,0.08888888888888889
Mk04-1801-14,Mk04,0.0,0.307049174785975,0.06976744186046512,0.15,0.6086956521739131,0.6888888888888889,0.17391304347826086,0.08888888888888889
Mk04-1801-15,Mk04,0.0,0.30783240375807314,0.12195121951219512,0.15,0.6956521739130435,0.7111111111111111,0.17391304347826086,0.08888888888888889
Mk04-1801-16,Mk04,0.0,0.3077537029503321,0.12195121951219512,0.09523809523809523,0.6086956521739131,0.6888888888888889,0.17391304347826086,0.08888888888888889
Mk04-1801-17,Mk04,4.7810106404425685e-17,0.31146130456085636,0.12195121951219512,0.21052631578947367,0.5652173913043478,0.6888888888888889,0.17391304347826086,0.08888888888888889
Mk04-1801-18,Mk04,0.00038069079946692467,0.30718552530185855,0.1794871794871795,0.21052631578947367,0.6086956521739131,0.6888888888888889,0.17391304347826086,0.08888888888888889
Mk04-1801-19,Mk04,0.0,0.30507744306298384,0.12195121951219512,0.1794871794871795,0.6521739130434783,0.7111111111111111,0.17391304347826086,0.08888888888888889
Mk05-1401-0,Mk05,0.001763782621606114,0.2643396643454692,0.10204081632653061,0.3170731707317073,0.6296296296296297,0.6792452830188679,0.037037037037037035,0.07547169811320754
Mk05-1401-1,Mk05,2.718275785415504e-18,0.29577746503311125,0.08,0.14893617021276595,0.8518518518518519,0.7169811320754716,0.14814814814814814,0.07547169811320754
Mk05-1401-2,Mk05,0.00014753586818490988,0.3069387108664645,0.058823529411764705,0.17391304347826086,0.7777777777777778,0.6981132075471698,0.14814814814814814,0.07547169811320754
Mk05-1401-3,Mk05,0.001982671414146978,0.2978049735463198,0.10204081632653061,0.2558139534883721,0.6666666666666666,0.6792452830188679,0.1111111111111111,0.07547169811320754
Mk05-1401-4,Mk05,0.0,0.3119573118250138,0.08,0.2,0.8148148148148148,0.6792452830188679,0.14814814814814814,0.07547169811320754
Mk05-1401-5,Mk05,0.0,0.314398313731206,0.08,0.3170731707317073,0.8148148148148148,0.7169811320754716,0.14814814814814814,0.07547169811320754
Mk05-1401-6,Mk05,0.0,0.31408364288446156,0.08,0.3170731707317073,0.7777777777777778,0.7169811320754716,0.14814814814814814,0.07547169811320754
Mk05-1401-7,Mk05,0.0,0.31256375753571636,0.08,0.2558139534883721,0.7777777777777778,0.660377358490566,0.14814814814814814,0.07547169811320754
Mk05-1401-8,Mk05,0.0,0.3132035708341715,0.058823529411764705,0.22727272727272727,0.8518518518518519,0.6981132075471698,0.14814814814814814,0.07547169811320754
Mk05-1401-9,Mk05,0.0,0.31303007675214906,0.10204081632653061,0.2558139534883721,0.8148148148148148,0.6792452830188679,0.14814814814814814,0.07547169811320754
Mk05-1401-10,Mk05,0.0,0.3172090575860059,0.10204081632653061,0.2558139534883721,0.8148148148148148,0.6792452830188679,0.14814814814814814,0.07547169811320754
Mk05-1401-11,Mk05,0.0,0.30994385318557655,0.125,0.35,0.8148148148148148,0.7169811320754716,0.14814814814814814,0.07547169811320754
Mk05-1401-12,Mk05,0.0,0.31549665425516493,0.125,0.2,0.7407407407407407,0.660377358490566,0.14814814814814814,0.07547169811320754
Mk05-1401-13,Mk05,0.0,0.3039957556996061,0.125,0.2857142857142857,0.7037037037037037,0.6981132075471698,0.14814814814814814,0.07547169811320754
Mk05-1401-14,Mk05,0.0,0.3055019463738942,0.125,0.2558139534883721,0.7407407407407407,0.6981132075471698,0.14814814814814814,0.07547169811320754
Mk05-1401-15,Mk05,0.0,0.3056975599268291,0.125,0.3170731707317073,0.7407407407407407,0.6981132075471698,0.14814814814814814,0.07547169811320754
Mk05-1401-16,Mk05,0.0,0.3056975599268291,0.125,0.3170731707317073,0.7407407407407407,0.6981132075471698,0.14814814814814814,0.07547169811320754
Mk05-1401-17,Mk05,0.00018748722010941034,0.30315687465834845,0.10204081632653061,0.2857142857142857,0.7407407407407407,0.6981132075471698,0.14814814814814814,0.07547169811320754
Mk05-1401-18,Mk05,0.0,0.3056975599268291,0.125,0.3170731707317073,0.7407407407407407,0.6981132075471698,0.14814814814814814,0.07547169811320754
Mk05-1401-19,Mk05,0.0,0.3056975599268291,0.125,0.3170731707317073,0.7407407407407407,0.6981132075471698,0.14814814814814814,0.07547169811320754
Mk05-1601-0,Mk05,0.0,0.30123026880862425,0.125,0.14893617021276595,0.7037037037037037,0.6792452830188679,0.14814814814814814,0.07547169811320754
Mk05-1601-1,Mk05,0.0,0.30123026880862425,0.125,0.14893617021276595,0.7037037037037037,0.6792452830188679,0.14814814814814814,0.07547169811320754
Mk05-1601-2,Mk05,0.00024404231050614578,0.30589675797960375,0.2558139534883721,0.14893617021276595,0.7777777777777778,0.7169811320754716,0.14814814814814814,0.07547169811320754
Mk05-1601-3,Mk05,0.0,0.305675273936096,0.14893617021276595,0.17391304347826086,0.7777777777777778,0.6792452830188679,0.14814814814814814,0.07547169811320754
Mk05-1601-4,Mk05,0.0,0.3078743935531871,0.10204081632653061,0.2558139534883721,0.7777777777777778,0.660377358490566,0.14814814814814814,0.07547169811320754
Mk05-1601-5,Mk05,0.0005544206925096387,0.3056879739460511,0.14893617021276595,0.17391304347826086,0.8148148148148148,0.660377358490566,0.14814814814814814,0.07547169811320754
Mk05-1601-6,Mk05,0.0,0.315115200140889,0.10204081632653061,0.22727272727272727,0.7777777777777778,0.660377358490566,0.14814814814814814,0.07547169811320754
Mk05-1601-7,Mk05,0.00032151290917444003,0.3056423667784776,0.08,0.38461538461538464,0.7777777777777778,0.6415094339622641,0.14814814814814814,0.07547169811320754
Mk05-1601-8,Mk05,0.0003277057439315216,0.2981073160166323,0.17391304347826086,0.17391304347826086,0.7037037037037037,0.660377358490566,0.14814814814814814,0.07547169811320754
Mk05-1601-9,Mk05,0.0,0.293923224724372,0.17391304347826086,0.14893617021276595,0.7037037037037037,0.7169811320754716,0.14814814814814814,0.07547169811320754
Mk05-1601-10,Mk05,0.0,0.31777881474568365,0.058823529411764705,0.22727272727272727,0.7407407407407407,0.660377358490566,0.14814814814814814,0.07547169811320754
Mk05-1601-11,Mk05,0.0,0.3130723717676036,0.10204081632653061,0.2,0.6666666666666666,0.6037735849056604,0.14814814814814814,0.07547169811320754
Mk05-1601-12,Mk05,0.0,0.30788520128390934,0.125,0.2558139534883721,0.7037037037037037,0.6226415094339622,0.14814814814814814,0.07547169811320754
Mk05-1601-13,Mk05,0.0010297906658883176,0.3020527824861737,0.125,0.22727272727272727,0.7407407407407407,0.6792452830188679,0.14814814814814814,0.07547169811320754
Mk05-1601-14,Mk05,0.0,0.3130723717676036,0.10204081632653061,0.2,0.6666666666666666,0.6037735849056604,0.14814814814814814,0.07547169811320754
Mk05-1601-15,Mk05,0.0010297906658883176,0.3020527824861737,0.125,0.22727272727272727,0.7407407407407407,0.6792452830188679,0.14814814814814814,0.07547169811320754
Mk05-1601-16,Mk05,0.0,0.29541084333867595,0.17391304347826086,0.2,0.7407407407407407,0.7169811320754716,0.14814814814814814,0.07547169811320754
Mk05-1601-17,Mk05,0.0,0.2966217038143831,0.17391304347826086,0.22727272727272727,0.7407407407407407,0.6981132075471698,0.14814814814814814,0.07547169811320754
Mk05-1601-18,Mk05,0.0,0.2966217038143831,0.17391304347826086,0.22727272727272727,0.7407407407407407,0.6981132075471698,0.14814814814814814,0.07547169811320754
Mk05-1601-19,Mk05,0.0,0.3165888222570342,0.10204081632653061,0.2,0.7037037037037037,0.6226415094339622,0.14814814814814814,0.07547169811320754
Mk05-1801-0,Mk05,0.0,0.3059044499611946,0.14893617021276595,0.22727272727272727,0.7407407407407407,0.6981132075471698,0.1111111111111111,0.07547169811320754
Mk05-1801-1,Mk05,0.0,0.28663586517565953,0.14893617021276595,0.17391304347826086,0.7037037037037037,0.6792452830188679,0.1111111111111111,0.07547169811320754
Mk05-1801-2,Mk05,0.00040547766939068357,0.28065876287331976,0.14893617021276595,0.2,0.6296296296296297,0.6792452830188679,0.1111111111111111,0.07547169811320754
Mk05-1801-3,Mk05,0.0,0.3129743131435705,0.2,0.3170731707317073,0.7037037037037037,0.6037735849056604,0.14814814814814814,0.07547169811320754
Mk05-1801-4,Mk05,2.2030337978427892e-05,0.3037790841768199,0.17391304347826086,0.22727272727272727,0.6666666666666666,0.6037735849056604,0.14814814814814814,0.07547169811320754
Mk05-1801-5,Mk05,2.184529381373926e-05,0.30221598660446586,0.17391304347826086,0.22727272727272727,0.6666666666666666,0.6226415094339622,0.14814814814814814,0.07547169811320754
Mk05-1801-6,Mk05,0.0,0.31020247830589576,0.14893617021276595,0.2857142857142857,0.6666666666666666,0.660377358490566,0.14814814814814814,0.07547169811320754
Mk05-1801-7,Mk05,0.0001893040507010343,0.3110988964926016,0.17391304347826086,0.3170731707317073,0.6666666666666666,0.660377358490566,0.14814814814814814,0.07547169811320754
Mk05-1801-8,Mk05,0.0,0.316917724035966,0.17391304347826086,0.2558139534883721,0.6296296296296297,0.660377358490566,0.14814814814814814,0.07547169811320754
Mk05-1801-9,Mk05,0.0015243070663769635,0.30562181794778887,0.17391304347826086,0.3170731707317073,0.6666666666666666,0.660377358490566,0.14814814814814814,0.07547169811320754
Mk05-1801-10,Mk05,5.841816908584361e-05,0.3065659803641005,0.17391304347826086,0.2857142857142857,0.6296296296296297,0.6226415094339622,0.14814814814814814,0.07547169811320754
Mk05-1801-11,Mk05,0.0,0.30599018536609074,0.17391304347826086,0.3170731707317073,0.5925925925925926,0.6415094339622641,0.14814814814814814,0.07547169811320754
Mk05-1801-12,Mk05,0.0,0.30675821320447433,0.17391304347826086,0.3170731707317073,0.5925925925925926,0.6226415094339622,0.14814814814814814,0.07547169811320754
Mk05-1801-13,Mk05,0.0,0.30675821320447433,0.17391304347826086,0.3170731707317073,0.5925925925925926,0.6226415094339622,0.14814814814814814,0.07547169811320754
Mk05-1801-14,Mk05,0.0,0.3010602223715551,0.17391304347826086,0.2857142857142857,0.5925925925925926,0.6226415094339622,0.14814814814814814,0.07547169811320754
Mk05-1801-15,Mk05,0.0,0.3010602223715551,0.17391304347826086,0.2857142857142857,0.5925925925925926,0.6226415094339622,0.14814814814814814,0.07547169811320754
Mk05-1801-16,Mk05,0.0,0.3010602223715551,0.17391304347826086,0.2857142857142857,0.5925925925925926,0.6226415094339622,0.14814814814814814,0.07547169811320754
Mk05-1801-17,Mk05,0.0,0.3010602223715551,0.17391304347826086,0.2857142857142857,0.5925925925925926,0.6226415094339622,0.14814814814814814,0.07547169811320754
Mk05-1801-18,Mk05,0.0,0.3010602223715551,0.17391304347826086,0.2857142857142857,0.5925925925925926,0.6226415094339622,0.14814814814814814,0.07547169811320754
Mk05-1801-19,Mk05,0.0012637961349881244,0.29960418198958255,0.17391304347826086,0.35,0.6296296296296297,0.6415094339622641,0.14814814814814814,0.07547169811320754
Mk06-1401-0,Mk06,0.0,0.2990317545419745,0.10144927536231885,0.22580645161290322,1.0,1.0,0.02631578947368421,0.02666666666666667
Mk06-1401-1,Mk06,0.0,0.2926544894086289,0.16923076923076924,0.1875,1.0,1.0,0.07894736842105263,0.04
Mk06-1401-2,Mk06,0.0,0.2926544894086289,0.16923076923076924,0.1875,1.0,1.0,0.07894736842105263,0.04
Mk06-1401-3,Mk06,0.0,0.28610300158638524,0.13432835820895522,0.10144927536231885,1.0,1.0,0.07894736842105263,0.04
Mk06-1401-4,Mk06,0.0,0.29464417802606324,0.20634920634920634,0.15151515151515152,1.0,1.0,0.07894736842105263,0.04
Mk06-1401-5,Mk06,1.737982472783473e-18,0.2873210853191336,0.1875,0.15151515151515152,1.0,1.0,0.07894736842105263,0.04
Mk06-1401-6,Mk06,0.0011411921202640419,0.2865451900260135,0.13432835820895522,0.22580645161290322,1.0,1.0,0.07894736842105263,0.04
Mk06-1401-7,Mk06,1.7928803621357036e-18,0.28646648868402935,0.1875,0.20634920634920634,1.0,1.0,0.07894736842105263,0.04
Mk06-1401-8,Mk06,1.7928803621357036e-18,0.28646648868402935,0.1875,0.20634920634920634,1.0,1.0,0.07894736842105263,0.04
Mk06-1401-9,Mk06,3.6750869380889996e-17,0.2830953935011009,0.1875,0.22580645161290322,1.0,1.0,0.07894736842105263,0.04
Mk06-1401-10,Mk06,0.0,0.2906402672735852,0.1875,0.16923076923076924,1.0,1.0,0.07894736842105263,0.04
Mk06-1401-11,Mk06,0.0,0.29070151521763316,0.16923076923076924,0.1875,1.0,1.0,0.07894736842105263,0.04
Mk06-1401-12,Mk06,0.0,0.2874439679696882,0.20634920634920634,0.20634920634920634,1.0,1.0,0.07894736842105263,0.04
Mk06-1401-13,Mk06,0.0005134244630564623,0.28822314940586785,0.1875,0.2459016393442623,1.0,1.0,0.07894736842105263,0.04
Mk06-1401-14,Mk06,0.0,0.2846817910690105,0.13432835820895522,0.22580645161290322,1.0,1.0,0.07894736842105263,0.04
Mk06-1401-15,Mk06,0.0005574272966881844,0.28732243182714307,0.20634920634920634,0.22580645161290322,1.0,1.0,0.07894736842105263,0.04
Mk06-1401-16,Mk06,0.0,0.28247934618376647,0.20634920634920634,0.22580645161290322,1.0,1.0,0.07894736842105263,0.04
Mk06-1401-17,Mk06,0.0,0.28247934618376647,0.20634920634920634,0.22580645161290322,1.0,1.0,0.07894736842105263,0.04
Mk06-1401-18,Mk06,0.0,0.28545554094214665,0.1875,0.2459016393442623,1.0,1.0,0.07894736842105263,0.04
Mk06-1401-19,Mk06,0.0,0.28545554094214665,0.1875,0.2459016393442623,1.0,1.0,0.07894736842105263,0.04
Mk06-1601-0,Mk06,0.0,0.28444599195282283,0.13432835820895522,0.11764705882352941,1.0,1.0,0.07894736842105263,0.04
Mk06-1601-1,Mk06,0.0006625981244814595,0.2831902378835667,0.10144927536231885,0.22580645161290322,1.0,1.0,0.07894736842105263,0.04
Mk06-1601-2,Mk06,0.0012816282337706555,0.2824933328284495,0.13432835820895522,0.07042253521126761,1.0,1.0,0.07894736842105263,0.04
Mk06-1601-3,Mk06,0.0005519917425355574,0.2853645130734195,0.10144927536231885,0.20634920634920634,1.0,1.0,0.07894736842105263,0.04
Mk06-1601-4,Mk06,0.0,0.2923661319756708,0.13432835820895522,0.16923076923076924,1.0,1.0,0.07894736842105263,0.04
Mk06-1601-5,Mk06,0.0,0.29036044081083934,0.13432835820895522,0.1875,1.0,1.0,0.07894736842105263,0.04
Mk06-1601-6,Mk06,0.0,0.2895585895703664,0.11764705882352941,0.16923076923076924,1.0,1.0,0.07894736842105263,0.04
Mk06-1601-7,Mk06,0.0011057017144849223,0.2894474382035105,0.13432835820895522,0.13432835820895522,1.0,1.0,0.07894736842105263,0.04
Mk06-1601-8,Mk06,0.0,0.29666517928190106,0.11764705882352941,0.13432835820895522,1.0,1.0,0.07894736842105263,0.04
Mk06-1601-9,Mk06,0.0,0.29173328148338123,0.11764705882352941,0.16923076923076924,1.0,1.0,0.07894736842105263,0.04
Mk06-1601-10,Mk06,0.0,0.29839589452280285,0.11764705882352941,0.13432835820895522,1.0,1.0,0.07894736842105263,0.04
Mk06-1601-11,Mk06,0.0,0.29468112154894277,0.11764705882352941,0.15151515151515152,1.0,1.0,0.07894736842105263,0.04
Mk06-1601-12,Mk06,0.0,0.2960914031537178,0.11764705882352941,0.20634920634920634,1.0,1.0,0.07894736842105263,0.04
Mk06-1601-13,Mk06,0.0,0.2936907795790884,0.11764705882352941,0.20634920634920634,1.0,1.0,0.07894736842105263,0.04
Mk06-1601-14,Mk06,0.0,0.29479596159807864,0.11764705882352941,0.22580645161290322,1.0,1.0,0.07894736842105263,0.04
Mk06-1601-15,Mk06,0.000667212400804354,0.2978939009679111,0.11764705882352941,0.2459016393442623,1.0,1.0,0.07894736842105263,0.04
Mk06-1601-16,Mk06,0.000667212400804354,0.2978939009679111,0.11764705882352941,0.2459016393442623,1.0,1.0,0.07894736842105263,0.04
Mk06-1601-17,Mk06,0.0,0.2938322433940742,0.10144927536231885,0.2459016393442623,1.0,1.0,0.07894736842105263,0.04
Mk06-1601-18,Mk06,0.0,0.2941699082620286,0.11764705882352941,0.26666666666666666,1.0,1.0,0.07894736842105263,0.04
Mk06-1601-19,Mk06,0.0,0.28856357893260637,0.08571428571428572,0.2459016393442623,1.0,1.0,0.07894736842105263,0.04
Mk06-1801-0,Mk06,0.0,0.280704465376983,0.13432835820895522,0.1875,1.0,1.0,0.05263157894736842,0.04
Mk06-1801-1,Mk06,0.0,0.2872071789337747,0.08571428571428572,0.1875,1.0,1.0,0.07894736842105263,0.04
Mk06-1801-2,Mk06,0.0,0.27854391388133076,0.11764705882352941,0.11764705882352941,1.0,1.0,0.07894736842105263,0.04
Mk06-1801-3,Mk06,0.0,0.2803855038695611,0.10144927536231885,0.26666666666666666,1.0,1.0,0.07894736842105263,0.04
Mk06-1801-4,Mk06,0.0,0.28279231189877485,0.15151515151515152,0.15151515151515152,1.0,1.0,0.07894736842105263,0.04
Mk06-1801-5,Mk06,0.0,0.28314915702056426,0.15151515151515152,0.13432835820895522,1.0,1.0,0.07894736842105263,0.04
Mk06-1801-6,Mk06,0.0,0.2840896276104546,0.16923076923076924,0.15151515151515152,1.0,1.0,0.07894736842105263,0.04
Mk06-1801-7,Mk06,0.0,0.2882500869538282,0.15151515151515152,0.20634920634920634,1.0,1.0,0.07894736842105263,0.04
Mk06-1801-8,Mk06,0.00030128712195351734,0.290381529647237,0.11764705882352941,0.20634920634920634,1.0,1.0,0.07894736842105263,0.04
Mk06-1801-9,Mk06,0.0,0.2849640479665222,0.13432835820895522,0.20634920634920634,1.0,1.0,0.07894736842105263,0.04
Mk06-1801-10,Mk06,0.0,0.287719417988891,0.11764705882352941,0.22580645161290322,1.0,1.0,0.07894736842105263,0.04
Mk06-1801-11,Mk06,0.0,0.28552735023638737,0.08571428571428572,0.20634920634920634,1.0,1.0,0.07894736842105263,0.04
Mk06-1801-12,Mk06,0.0,0.2885381241636882,0.13432835820895522,0.22580645161290322,1.0,1.0,0.07894736842105263,0.04
Mk06-1801-13,Mk06,0.0,0.2880547017485357,0.11764705882352941,0.22580645161290322,1.0,1.0,0.07894736842105263,0.04
Mk06-1801-14,Mk06,0.0,0.2879215534876479,0.08571428571428572,0.1875,1.0,1.0,0.07894736842105263,0.04
Mk06-1801-15,Mk06,0.0,0.28004936374849065,0.13432835820895522,0.1875,1.0,1.0,0.07894736842105263,0.04
Mk06-1801-16,Mk06,0.0,0.28506162403858887,0.13432835820895522,0.1875,1.0,1.0,0.07894736842105263,0.04
Mk06-1801-17,Mk06,0.0,0.28304618143188537,0.11764705882352941,0.16923076923076924,1.0,1.0,0.07894736842105263,0.04
Mk06-1801-18,Mk06,0.0,0.2823627987900046,0.10144927536231885,0.16923076923076924,1.0,1.0,0.07894736842105263,0.04
Mk06-1801-19,Mk06,0.0,0.28506201857811,0.07042253521126761,0.15151515151515152,1.0,1.0,0.07894736842105263,0.04
