method,state,instance,selected_action,value
flat_original,Mk01-1401-0,Mk01,"(0.25, 5, 4)",0.004528578104881341
flat_original,Mk01-1401-1,Mk01,"(0.25, 5, 4)",0.003652500541404729
flat_original,Mk01-1401-10,Mk01,"(0.25, 3, 4)",0.002561666269044802
flat_original,Mk01-1401-11,Mk01,"(0.25, 3, 4)",0.0007008118615593074
flat_original,Mk01-1401-12,Mk01,"(0.5, 3, 4)",0.0018251276290602062
flat_original,Mk01-1401-13,Mk01,"(0.25, 3, 4)",0.000546341394753895
flat_original,Mk01-1401-14,Mk01,"(0.5, 3, 4)",0.0008333205378209842
flat_original,Mk01-1401-15,Mk01,"(0.5, 3, 4)",0.0012849044819709854
flat_original,Mk01-1401-16,Mk01,"(0.5, 3, 4)",0.00010297436636384208
flat_original,Mk01-1401-17,Mk01,"(0.25, 3, 4)",1.845529289253413e-05
flat_original,Mk01-1401-18,Mk01,"(0.5, 3, 4)",0.0008425045710209467
flat_original,Mk01-1401-19,Mk01,"(0.5, 3, 4)",0.0004629191889290948
flat_original,Mk01-1401-2,Mk01,"(0.25, 6, 4)",0.0
flat_original,Mk01-1401-3,Mk01,"(0.25, 3, 4)",0.0027924881000967864
flat_original,Mk01-1401-4,Mk01,"(0.25, 3, 4)",0.0028480579014401475
flat_original,Mk01-1401-5,Mk01,"(0.5, 3, 4)",0.0002832888084523253
flat_original,Mk01-1401-6,Mk01,"(0.5, 3, 4)",0.0019114541480776846
flat_original,Mk01-1401-7,Mk01,"(0.5, 3, 4)",0.0023821238217138713
flat_original,Mk01-1401-8,Mk01,"(0.5, 3, 4)",0.0008825642166269583
flat_original,Mk01-1401-9,Mk01,"(0.25, 3, 4)",0.002054638828117835
flat_original,Mk01-1601-0,Mk01,"(0.25, 3, 4)",0.004155671061305301
flat_original,Mk01-1601-1,Mk01,"(0.25, 5, 4)",0.0031875275745591597
flat_original,Mk01-1601-10,Mk01,"(0.5, 3, 4)",0.0014235486780932599
flat_original,Mk01-1601-11,Mk01,"(0.25, 3, 4)",0.003101568377186798
flat_original,Mk01-1601-12,Mk01,"(0.5, 3, 4)",0.0027627397462095925
flat_original,Mk01-1601-13,Mk01,"(0.25, 3, 4)",0.0003814211202621161
flat_original,Mk01-1601-14,Mk01,"(0.5, 3, 4)",0.0004312660599074022
flat_original,Mk01-1601-15,Mk01,"(0.25, 3, 4)",0.0010622742138295092
flat_original,Mk01-1601-16,Mk01,"(0.25, 6, 4)",0.0005945172327862336
flat_original,Mk01-1601-17,Mk01,"(0.25, 3, 4)",0.0014493589077707225
flat_original,Mk01-1601-18,Mk01,"(0.25, 3, 4)",0.000168111734784582
flat_original,Mk01-1601-19,Mk01,"(0.25, 3, 4)",0.00036439124243562945
flat_original,Mk01-1601-2,Mk01,"(0.5, 3, 4)",0.001979346777660853
flat_original,Mk01-1601-3,Mk01,"(0.5, 6, 4)",0.002387256824672383
flat_original,Mk01-1601-4,Mk01,"(0.25, 3, 4)",0.001259664880820612
flat_original,Mk01-1601-5,Mk01,"(0.25, 3, 4)",0.0026011353146108483
flat_original,Mk01-1601-6,Mk01,"(0.25, 3, 4)",0.0037788695411856868
flat_original,Mk01-1601-7,Mk01,"(0.5, 5, 4)",0.00033285370871150434
flat_original,Mk01-1601-8,Mk01,"(0.5, 6, 4)",0.0034927298373683695
flat_original,Mk01-1601-9,Mk01,"(0.5, 3, 4)",0.0005867945402929626
flat_original,Mk01-1801-0,Mk01,"(0.25, 3, 4)",0.003645995316151003
flat_original,Mk01-1801-1,Mk01,"(0.5, 3, 4)",0.001832865508668529
flat_original,Mk01-1801-10,Mk01,"(0.25, 3, 4)",0.0006306995459885887
flat_original,Mk01-1801-11,Mk01,"(0.25, 3, 4)",0.00020034777933393552
flat_original,Mk01-1801-12,Mk01,"(0.25, 3, 4)",3.164456115508805e-05
flat_original,Mk01-1801-13,Mk01,"(0.25, 3, 4)",0.0041777730637383315
flat_original,Mk01-1801-14,Mk01,"(0.25, 3, 4)",5.0662199053322365e-05
flat_original,Mk01-1801-15,Mk01,"(0.5, 3, 4)",0.0
flat_original,Mk01-1801-16,Mk01,"(0.25, 3, 4)",0.008627171015403782
flat_original,Mk01-1801-17,Mk01,"(0.5, 3, 4)",0.0
flat_original,Mk01-1801-18,Mk01,"(0.25, 3, 4)",0.004024655054730704
flat_original,Mk01-1801-19,Mk01,"(0.5, 3, 4)",0.0
flat_original,Mk01-1801-2,Mk01,"(0.25, 6, 4)",0.0
flat_original,Mk01-1801-3,Mk01,"(0.25, 3, 4)",0.0008287491572408264
flat_original,Mk01-1801-4,Mk01,"(0.25, 3, 4)",0.00012166288939893539
flat_original,Mk01-1801-5,Mk01,"(0.25, 3, 4)",0.0018939881581380076
flat_original,Mk01-1801-6,Mk01,"(0.25, 3, 4)",0.0009310321093418245
flat_original,Mk01-1801-7,Mk01,"(0.25, 3, 4)",0.0013204998837468155
flat_original,Mk01-1801-8,Mk01,"(0.25, 3, 4)",0.0025683489149366102
flat_original,Mk01-1801-9,Mk01,"(0.25, 3, 4)",0.004632173460337664
flat_original,Mk02-1401-0,Mk02,"(0.25, 5, 4)",0.003452667457431366
flat_original,Mk02-1401-1,Mk02,"(0.25, 3, 4)",0.0008192137959534256
flat_original,Mk02-1401-10,Mk02,"(0.25, 3, 4)",0.001488852350743408
flat_original,Mk02-1401-11,Mk02,"(0.25, 3, 4)",0.0008684989020128766
flat_original,Mk02-1401-12,Mk02,"(0.25, 3, 4)",0.000957503435407949
flat_original,Mk02-1401-13,Mk02,"(0.25, 3, 4)",0.00016507877314536493
flat_original,Mk02-1401-14,Mk02,"(0.25, 3, 4)",0.0003223467290481316
flat_original,Mk02-1401-15,Mk02,"(0.25, 3, 4)",0.0012165983931620012
flat_original,Mk02-1401-16,Mk02,"(0.25, 3, 4)",0.00015583745643349585
flat_original,Mk02-1401-17,Mk02,"(0.25, 3, 4)",0.0004643884990058777
flat_original,Mk02-1401-18,Mk02,"(0.25, 3, 4)",0.00014248302151909694
flat_original,Mk02-1401-19,Mk02,"(0.25, 3, 4)",0.00032107934827825795
flat_original,Mk02-1401-2,Mk02,"(0.25, 3, 4)",0.00021113224672334244
flat_original,Mk02-1401-3,Mk02,"(0.25, 3, 4)",0.0028745021345350542
flat_original,Mk02-1401-4,Mk02,"(0.25, 5, 4)",0.006217407690913496
flat_original,Mk02-1401-5,Mk02,"(0.25, 3, 4)",0.0008854118719072916
flat_original,Mk02-1401-6,Mk02,"(0.25, 3, 4)",0.00023191503306206683
flat_original,Mk02-1401-7,Mk02,"(0.25, 3, 4)",0.0035501578443211173
flat_original,Mk02-1401-8,Mk02,"(0.25, 3, 4)",1.532002741800394e-05
flat_original,Mk02-1401-9,Mk02,"(0.25, 3, 4)",2.257202275967457e-05
flat_original,Mk02-1601-0,Mk02,"(0.5, 6, 4)",0.0
flat_original,Mk02-1601-1,Mk02,"(0.25, 3, 4)",0.004886136798376351
flat_original,Mk02-1601-10,Mk02,"(0.25, 3, 4)",0.0018517240396189864
flat_original,Mk02-1601-11,Mk02,"(0.25, 3, 4)",0.0010427464540469994
flat_original,Mk02-1601-12,Mk02,"(0.25, 3, 4)",0.0004305775626018615
flat_original,Mk02-1601-13,Mk02,"(0.25, 3, 4)",0.00013867950800607607
flat_original,Mk02-1601-14,Mk02,"(0.25, 3, 4)",0.0008406688194969589
flat_original,Mk02-1601-15,Mk02,"(0.25, 3, 4)",0.0001084535825628338
flat_original,Mk02-1601-16,Mk02,"(0.25, 3, 4)",0.0011168865532676137
flat_original,Mk02-1601-17,Mk02,"(0.25, 3, 4)",0.001493043097046899
flat_original,Mk02-1601-18,Mk02,"(0.25, 3, 4)",0.000733939181358803
flat_original,Mk02-1601-19,Mk02,"(0.25, 3, 4)",0.0011168865532676137
flat_original,Mk02-1601-2,Mk02,"(0.25, 3, 4)",0.0029878271703574454
flat_original,Mk02-1601-3,Mk02,"(0.5, 6, 4)",0.00039995631693300407
flat_original,Mk02-1601-4,Mk02,"(0.25, 5, 4)",0.000678291632163865
flat_original,Mk02-1601-5,Mk02,"(0.25, 3, 4)",0.002275509201724317
flat_original,Mk02-1601-6,Mk02,"(0.25, 3, 4)",0.0002115396566566021
flat_original,Mk02-1601-7,Mk02,"(0.25, 3, 4)",0.002616207779578832
flat_original,Mk02-1601-8,Mk02,"(0.25, 3, 4)",0.004051861934548148
flat_original,Mk02-1601-9,Mk02,"(0.25, 3, 4)",0.00021651836176247042
flat_original,Mk02-1801-0,Mk02,"(0.5, 3, 4)",0.0027773662377592553
flat_original,Mk02-1801-1,Mk02,"(0.25, 3, 4)",0.004405559163730029
flat_original,Mk02-1801-10,Mk02,"(0.25, 3, 4)",0.001529382661740901
flat_original,Mk02-1801-11,Mk02,"(0.25, 3, 4)",0.0016463765053816777
flat_original,Mk02-1801-12,Mk02,"(0.25, 3, 4)",0.0025661016188739173
flat_original,Mk02-1801-13,Mk02,"(0.25, 3, 4)",0.00021127667291374842
flat_original,Mk02-1801-14,Mk02,"(0.25, 3, 4)",0.0010775329597150674
flat_original,Mk02-1801-15,Mk02,"(0.25, 3, 4)",0.0010179717431184686
flat_original,Mk02-1801-16,Mk02,"(0.25, 3, 4)",0.0011685912058026075
flat_original,Mk02-1801-17,Mk02,"(0.25, 3, 4)",0.0013234603985066314
flat_original,Mk02-1801-18,Mk02,"(0.25, 3, 4)",0.00015883724099765152
flat_original,Mk02-1801-19,Mk02,"(0.25, 3, 4)",0.0019412466093623828
flat_original,Mk02-1801-2,Mk02,"(0.25, 3, 4)",0.004060454839329821
flat_original,Mk02-1801-3,Mk02,"(0.25, 3, 4)",0.0005409420988978515
flat_original,Mk02-1801-4,Mk02,"(0.25, 3, 4)",0.0006564190165447333
flat_original,Mk02-1801-5,Mk02,"(0.25, 3, 4)",0.003644331512037853
flat_original,Mk02-1801-6,Mk02,"(0.25, 3, 4)",0.0033735848161168375
flat_original,Mk02-1801-7,Mk02,"(0.25, 3, 4)",0.0010765552571761954
flat_original,Mk02-1801-8,Mk02,"(0.25, 3, 4)",0.0016214548864396405
flat_original,Mk02-1801-9,Mk02,"(0.25, 3, 4)",0.0019207646484568626
flat_original,Mk03-1401-0,Mk03,"(0.25, 5, 4)",0.0006615404505630118
flat_original,Mk03-1401-1,Mk03,"(0.25, 3, 4)",0.0012498164418264176
flat_original,Mk03-1401-10,Mk03,"(0.5, 5, 4)",0.000541671407888045
flat_original,Mk03-1401-11,Mk03,"(0.5, 5, 4)",4.446288953267614e-05
flat_original,Mk03-1401-12,Mk03,"(0.25, 3, 4)",0.00044004631292829106
flat_original,Mk03-1401-13,Mk03,"(0.25, 3, 4)",0.0002670326145987076
flat_original,Mk03-1401-14,Mk03,"(0.25, 3, 4)",0.00034902360925876037
flat_original,Mk03-1401-15,Mk03,"(0.25, 3, 4)",0.0003124131395466404
flat_original,Mk03-1401-16,Mk03,"(0.25, 3, 4)",0.0003592431393482974
flat_original,Mk03-1401-17,Mk03,"(0.25, 3, 4)",0.000414050112870445
flat_original,Mk03-1401-18,Mk03,"(0.25, 3, 4)",0.0004912692262303284
flat_original,Mk03-1401-19,Mk03,"(0.25, 3, 4)",0.0006670158067763178
flat_original,Mk03-1401-2,Mk03,"(0.25, 3, 4)",0.0007246135887387017
flat_original,Mk03-1401-3,Mk03,"(0.25, 3, 4)",0.0007665673886302238
flat_original,Mk03-1401-4,Mk03,"(0.25, 3, 4)",0.000500790839763027
flat_original,Mk03-1401-5,Mk03,"(0.25, 3, 4)",0.0015887283334319702
flat_original,Mk03-1401-6,Mk03,"(0.25, 3, 4)",0.0010517203141914438
flat_original,Mk03-1401-7,Mk03,"(0.25, 3, 4)",0.001429553384113605
flat_original,Mk03-1401-8,Mk03,"(0.5, 5, 4)",0.00016555703362007373
flat_original,Mk03-1401-9,Mk03,"(0.5, 5, 4)",4.4597908195486e-05
flat_original,Mk03-1601-0,Mk03,"(0.25, 3, 4)",0.0010737618237259491
flat_original,Mk03-1601-1,Mk03,"(0.25, 3, 4)",0.0005012479517087047
flat_original,Mk03-1601-10,Mk03,"(0.5, 6, 4)",0.0
flat_original,Mk03-1601-11,Mk03,"(0.5, 6, 4)",0.0013671031296314698
flat_original,Mk03-1601-12,Mk03,"(0.5, 5, 4)",7.097017629014964e-06
flat_original,Mk03-1601-13,Mk03,"(0.5, 6, 4)",0.0
flat_original,Mk03-1601-14,Mk03,"(0.25, 3, 4)",0.00011761427527330896
flat_original,Mk03-1601-15,Mk03,"(0.25, 3, 4)",3.904446360660798e-05
flat_original,Mk03-1601-16,Mk03,"(0.25, 3, 4)",0.0002133027604185331
flat_original,Mk03-1601-17,Mk03,"(0.5, 3, 4)",0.0002999963257484014
flat_original,Mk03-1601-18,Mk03,"(0.25, 3, 4)",0.0003462004321840165
flat_original,Mk03-1601-19,Mk03,"(0.25, 3, 4)",0.00014025777094878373
flat_original,Mk03-1601-2,Mk03,"(0.25, 3, 4)",0.00016523487863182766
flat_original,Mk03-1601-3,Mk03,"(0.25, 3, 4)",0.00031605031772788525
flat_original,Mk03-1601-4,Mk03,"(0.5, 6, 4)",0.00016446784374365975
flat_original,Mk03-1601-5,Mk03,"(0.25, 3, 4)",0.000544601561095575
flat_original,Mk03-1601-6,Mk03,"(0.25, 3, 4)",0.0003386894684355164
flat_original,Mk03-1601-7,Mk03,"(0.25, 3, 4)",0.0005102436717582546
flat_original,Mk03-1601-8,Mk03,"(0.25, 6, 4)",0.0
flat_original,Mk03-1601-9,Mk03,"(0.25, 6, 4)",0.0
flat_original,Mk03-1801-0,Mk03,"(0.25, 3, 4)",0.000764251114407909
flat_original,Mk03-1801-1,Mk03,"(0.25, 3, 4)",0.00096077657390138
flat_original,Mk03-1801-10,Mk03,"(0.5, 3, 4)",9.585391707152106e-05
flat_original,Mk03-1801-11,Mk03,"(0.5, 3, 4)",0.000372368516342504
flat_original,Mk03-1801-12,Mk03,"(0.25, 6, 4)",0.0
flat_original,Mk03-1801-13,Mk03,"(0.25, 3, 4)",0.00023707459477806457
flat_original,Mk03-1801-14,Mk03,"(0.5, 5, 4)",0.00013194296345486202
flat_original,Mk03-1801-15,Mk03,"(0.25, 3, 4)",0.000208343173672681
flat_original,Mk03-1801-16,Mk03,"(0.25, 3, 4)",0.00030509410080804757
flat_original,Mk03-1801-17,Mk03,"(0.25, 3, 4)",0.0002854466074383179
flat_original,Mk03-1801-18,Mk03,"(0.25, 3, 4)",0.0002498977248630817
flat_original,Mk03-1801-19,Mk03,"(0.25, 3, 4)",0.0005769250287859823
flat_original,Mk03-1801-2,Mk03,"(0.25, 3, 4)",0.0008380831537365757
flat_original,Mk03-1801-3,Mk03,"(0.25, 3, 4)",0.0007735882850290017
flat_original,Mk03-1801-4,Mk03,"(0.25, 3, 4)",0.00013367620796116966
flat_original,Mk03-1801-5,Mk03,"(0.25, 3, 4)",0.0004441053645952147
flat_original,Mk03-1801-6,Mk03,"(0.25, 3, 4)",0.0005534881013915388
flat_original,Mk03-1801-7,Mk03,"(0.25, 3, 4)",9.440925599608907e-05
flat_original,Mk03-1801-8,Mk03,"(0.5, 5, 4)",0.00010112081214428293
flat_original,Mk03-1801-9,Mk03,"(0.5, 6, 4)",0.0
flat_original,Mk04-1401-0,Mk04,"(0.25, 5, 4)",0.003165163347170936
flat_original,Mk04-1401-1,Mk04,"(0.25, 6, 4)",0.0
flat_original,Mk04-1401-10,Mk04,"(0.25, 3, 4)",0.00026163876088371694
flat_original,Mk04-1401-11,Mk04,"(0.25, 3, 4)",0.000828384094653636
flat_original,Mk04-1401-12,Mk04,"(0.25, 3, 4)",0.0023743285886071654
flat_original,Mk04-1401-13,Mk04,"(0.25, 3, 4)",0.0008155390891122743
flat_original,Mk04-1401-14,Mk04,"(0.25, 3, 4)",0.0005781102202144803
flat_original,Mk04-1401-15,Mk04,"(0.5, 5, 12)",5.494710724279212e-05
flat_original,Mk04-1401-16,Mk04,"(0.5, 5, 12)",0.0001305682461984371
flat_original,Mk04-1401-17,Mk04,"(0.5, 5, 12)",6.789764751158696e-05
flat_original,Mk04-1401-18,Mk04,"(0.5, 3, 4)",0.0002620032560406969
flat_original,Mk04-1401-19,Mk04,"(0.5, 5, 12)",5.2856931002206965e-05
flat_original,Mk04-1401-2,Mk04,"(0.25, 3, 4)",0.0004335397457083314
flat_original,Mk04-1401-3,Mk04,"(0.5, 3, 4)",0.0016085319706235575
flat_original,Mk04-1401-4,Mk04,"(0.5, 3, 4)",0.0006126502405814404
flat_original,Mk04-1401-5,Mk04,"(0.5, 3, 4)",0.0003304751866784446
flat_original,Mk04-1401-6,Mk04,"(0.5, 3, 4)",0.00010706606988144032
flat_original,Mk04-1401-7,Mk04,"(0.25, 3, 4)",0.00208065087016126
flat_original,Mk04-1401-8,Mk04,"(0.25, 3, 4)",0.0009100254015961594
flat_original,Mk04-1401-9,Mk04,"(0.25, 3, 4)",0.00012647417083976758
flat_original,Mk04-1601-0,Mk04,"(0.25, 5, 4)",0.0025462780499011205
flat_original,Mk04-1601-1,Mk04,"(0.25, 6, 4)",0.0
flat_original,Mk04-1601-10,Mk04,"(0.25, 6, 4)",0.0
flat_original,Mk04-1601-11,Mk04,"(0.25, 3, 4)",0.0019228299842160164
flat_original,Mk04-1601-12,Mk04,"(0.25, 3, 4)",0.0007644707685357567
flat_original,Mk04-1601-13,Mk04,"(0.25, 3, 4)",2.7836972053097136e-05
flat_original,Mk04-1601-14,Mk04,"(0.25, 3, 4)",0.000512970691005519
flat_original,Mk04-1601-15,Mk04,"(0.25, 3, 4)",0.00043314977418969355
flat_original,Mk04-1601-16,Mk04,"(0.25, 3, 4)",0.001091268166757651
flat_original,Mk04-1601-17,Mk04,"(0.25, 3, 4)",0.0005857046984814075
flat_original,Mk04-1601-18,Mk04,"(0.5, 3, 4)",0.0011708503902774759
flat_original,Mk04-1601-19,Mk04,"(0.5, 3, 4)",0.0011388599011033893
flat_original,Mk04-1601-2,Mk04,"(0.25, 5, 4)",0.00317974159582467
flat_original,Mk04-1601-3,Mk04,"(0.25, 6, 4)",0.0
flat_original,Mk04-1601-4,Mk04,"(0.25, 3, 4)",0.00028890868101269485
flat_original,Mk04-1601-5,Mk04,"(0.25, 6, 4)",0.003180200962631882
flat_original,Mk04-1601-6,Mk04,"(0.25, 5, 4)",0.0006193166564812231
flat_original,Mk04-1601-7,Mk04,"(0.5, 5, 4)",0.00024647948534768324
flat_original,Mk04-1601-8,Mk04,"(0.25, 3, 4)",0.0004212873049730258
flat_original,Mk04-1601-9,Mk04,"(0.25, 3, 4)",0.0007172949882395096
flat_original,Mk04-1801-0,Mk04,"(0.25, 6, 4)",0.0
flat_original,Mk04-1801-1,Mk04,"(0.5, 5, 4)",0.0013252662634899446
flat_original,Mk04-1801-10,Mk04,"(0.25, 3, 4)",0.00089022875405388
flat_original,Mk04-1801-11,Mk04,"(0.25, 3, 4)",0.0008341090308901888
flat_original,Mk04-1801-12,Mk04,"(0.25, 3, 4)",0.0004645945195466015
flat_original,Mk04-1801-13,Mk04,"(0.5, 3, 4)",0.000416583370969049
flat_original,Mk04-1801-14,Mk04,"(0.25, 3, 4)",0.0008433238746199051
flat_original,Mk04-1801-15,Mk04,"(0.5, 5, 12)",0.0003407243569170548
flat_original,Mk04-1801-16,Mk04,"(0.5, 3, 4)",0.0005180554427293585
flat_original,Mk04-1801-17,Mk04,"(0.5, 3, 4)",0.00012171624614181354
flat_original,Mk04-1801-18,Mk04,"(0.5, 3, 4)",0.0004692443313534017
flat_original,Mk04-1801-19,Mk04,"(0.5, 3, 4)",0.0001689384541529843
flat_original,Mk04-1801-2,Mk04,"(0.5, 5, 4)",0.0009263721358604799
flat_original,Mk04-1801-3,Mk04,"(0.25, 3, 4)",0.0001613849204039426
flat_original,Mk04-1801-4,Mk04,"(0.25, 3, 4)",0.00041794712752398844
flat_original,Mk04-1801-5,Mk04,"(0.25, 3, 4)",0.00048469662064278235
flat_original,Mk04-1801-6,Mk04,"(0.25, 3, 4)",0.00013043363450984257
flat_original,Mk04-1801-7,Mk04,"(0.25, 3, 4)",0.000806015635144311
flat_original,Mk04-1801-8,Mk04,"(0.25, 3, 4)",0.0007396918720302436
flat_original,Mk04-1801-9,Mk04,"(0.25, 3, 4)",0.001829781044860369
flat_original,Mk05-1401-0,Mk05,"(0.25, 5, 4)",0.002741711322996179
flat_original,Mk05-1401-1,Mk05,"(0.25, 3, 4)",7.618941886778328e-05
flat_original,Mk05-1401-10,Mk05,"(0.5, 3, 4)",1.5982639106273868e-05
flat_original,Mk05-1401-11,Mk05,"(0.5, 3, 4)",0.0004629266263791634
flat_original,Mk05-1401-12,Mk05,"(0.25, 5, 4)",2.1763668464726445e-05
flat_original,Mk05-1401-13,Mk05,"(0.25, 5, 4)",0.00014280658348084967
flat_original,Mk05-1401-14,Mk05,"(0.25, 3, 4)",0.0010674211089937297
flat_original,Mk05-1401-15,Mk05,"(0.25, 3, 4)",0.0006158377559828828
flat_original,Mk05-1401-16,Mk05,"(0.25, 3, 4)",0.0009135281958458183
flat_original,Mk05-1401-17,Mk05,"(0.25, 3, 4)",9.402964889581927e-05
flat_original,Mk05-1401-18,Mk05,"(0.25, 3, 4)",0.00018901733920952688
flat_original,Mk05-1401-19,Mk05,"(0.25, 3, 4)",0.0002210434385397312
flat_original,Mk05-1401-2,Mk05,"(0.25, 3, 4)",0.0009311102695722356
flat_original,Mk05-1401-3,Mk05,"(0.5, 3, 4)",0.0005136100102131893
flat_original,Mk05-1401-4,Mk05,"(0.25, 5, 4)",0.0025919625080756386
flat_original,Mk05-1401-5,Mk05,"(0.25, 5, 4)",0.0009910374703662598
flat_original,Mk05-1401-6,Mk05,"(0.25, 5, 4)",0.0005458230539063375
flat_original,Mk05-1401-7,Mk05,"(0.25, 3, 4)",0.0005791327739580231
flat_original,Mk05-1401-8,Mk05,"(0.25, 3, 4)",0.0007022080908319021
flat_original,Mk05-1401-9,Mk05,"(0.25, 3, 4)",0.00031801808693603865
flat_original,Mk05-1601-0,Mk05,"(0.25, 3, 4)",0.0030708672410468736
flat_original,Mk05-1601-1,Mk05,"(0.25, 3, 4)",0.0017862408953785826
flat_original,Mk05-1601-10,Mk05,"(0.5, 3, 4)",0.0007040377057857324
flat_original,Mk05-1601-11,Mk05,"(0.5, 3, 4)",0.001437166896302008
flat_original,Mk05-1601-12,Mk05,"(0.5, 3, 4)",0.0014138197200531974
flat_original,Mk05-1601-13,Mk05,"(0.25, 5, 4)",0.00016677797481166878
flat_original,Mk05-1601-14,Mk05,"(0.5, 3, 4)",0.00012609250203625367
flat_original,Mk05-1601-15,Mk05,"(0.25, 5, 4)",0.00012385958782759024
flat_original,Mk05-1601-16,Mk05,"(0.25, 3, 4)",7.388856554392965e-05
flat_original,Mk05-1601-17,Mk05,"(0.25, 3, 4)",5.6262179539515915e-05
flat_original,Mk05-1601-18,Mk05,"(0.25, 3, 4)",0.0005028613357720331
flat_original,Mk05-1601-19,Mk05,"(0.25, 3, 4)",1.1657519605832306e-05
flat_original,Mk05-1601-2,Mk05,"(0.25, 3, 4)",0.0030326313386675077
flat_original,Mk05-1601-3,Mk05,"(0.25, 3, 4)",0.0007496494391644344
flat_original,Mk05-1601-4,Mk05,"(0.25, 3, 4)",0.000514657511830602
flat_original,Mk05-1601-5,Mk05,"(0.25, 5, 4)",0.002303189845121048
flat_original,Mk05-1601-6,Mk05,"(0.25, 3, 4)",0.0013777584227298802
flat_original,Mk05-1601-7,Mk05,"(0.5, 5, 4)",0.0009147327379967578
flat_original,Mk05-1601-8,Mk05,"(0.5, 3, 4)",0.0004738807383249139
flat_original,Mk05-1601-9,Mk05,"(0.5, 3, 4)",0.0011590441193870286
flat_original,Mk05-1801-0,Mk05,"(0.25, 3, 4)",0.0006372956987361117
flat_original,Mk05-1801-1,Mk05,"(0.25, 5, 4)",0.00010696317536577384
flat_original,Mk05-1801-10,Mk05,"(0.5, 3, 4)",0.0008830011443872001
flat_original,Mk05-1801-11,Mk05,"(0.25, 3, 4)",6.903120317851264e-05
flat_original,Mk05-1801-12,Mk05,"(0.25, 3, 4)",0.0002771444345946101
flat_original,Mk05-1801-13,Mk05,"(0.25, 3, 4)",0.0002546248197757492
flat_original,Mk05-1801-14,Mk05,"(0.25, 5, 4)",0.000213941664319785
flat_original,Mk05-1801-15,Mk05,"(0.25, 5, 4)",0.0
flat_original,Mk05-1801-16,Mk05,"(0.25, 5, 4)",0.0
flat_original,Mk05-1801-17,Mk05,"(0.25, 5, 4)",0.0004790735716444306
flat_original,Mk05-1801-18,Mk05,"(0.25, 5, 4)",0.0
flat_original,Mk05-1801-19,Mk05,"(0.25, 5, 4)",0.0
flat_original,Mk05-1801-2,Mk05,"(0.5, 5, 4)",0.0002490255117148603
flat_original,Mk05-1801-3,Mk05,"(0.25, 3, 4)",1.4313328960080703e-05
flat_original,Mk05-1801-4,Mk05,"(0.25, 3, 4)",0.0004538420904704359
flat_original,Mk05-1801-5,Mk05,"(0.25, 3, 4)",0.0008354781899817634
flat_original,Mk05-1801-6,Mk05,"(0.25, 5, 4)",7.41127730471225e-05
flat_original,Mk05-1801-7,Mk05,"(0.25, 5, 4)",0.0006943260354245503
flat_original,Mk05-1801-8,Mk05,"(0.5, 3, 4)",0.0004950260095452545
flat_original,Mk05-1801-9,Mk05,"(0.5, 3, 4)",5.878280203815188e-05
flat_original,Mk06-1401-0,Mk06,"(0.25, 5, 4)",0.0008524822703598845
flat_original,Mk06-1401-1,Mk06,"(0.5, 6, 4)",0.0
flat_original,Mk06-1401-10,Mk06,"(0.25, 3, 4)",0.0011437798394661055
flat_original,Mk06-1401-11,Mk06,"(0.25, 3, 4)",8.242808977266874e-05
flat_original,Mk06-1401-12,Mk06,"(0.25, 3, 4)",0.0007402259978335774
flat_original,Mk06-1401-13,Mk06,"(0.25, 3, 4)",0.000553214822790394
flat_original,Mk06-1401-14,Mk06,"(0.25, 3, 4)",0.0005884083888618558
flat_original,Mk06-1401-15,Mk06,"(0.25, 3, 4)",0.0006238440769247091
flat_original,Mk06-1401-16,Mk06,"(0.25, 3, 4)",0.00032396130185607204
flat_original,Mk06-1401-17,Mk06,"(0.25, 3, 4)",0.00034311531813301663
flat_original,Mk06-1401-18,Mk06,"(0.25, 3, 4)",0.00018764890247180183
flat_original,Mk06-1401-19,Mk06,"(0.5, 3, 4)",0.0002565232874847084
flat_original,Mk06-1401-2,Mk06,"(0.5, 6, 4)",0.0
flat_original,Mk06-1401-3,Mk06,"(0.25, 5, 4)",0.0005707018754733759
flat_original,Mk06-1401-4,Mk06,"(0.25, 3, 4)",0.0003361318118522518
flat_original,Mk06-1401-5,Mk06,"(0.25, 5, 4)",0.0010436799500358864
flat_original,Mk06-1401-6,Mk06,"(0.5, 5, 4)",0.001276279310186993
flat_original,Mk06-1401-7,Mk06,"(0.25, 3, 4)",0.0009723069748709219
flat_original,Mk06-1401-8,Mk06,"(0.25, 3, 4)",0.0008550783580472355
flat_original,Mk06-1401-9,Mk06,"(0.25, 3, 4)",2.9966998802504006e-05
flat_original,Mk06-1601-0,Mk06,"(0.5, 5, 4)",0.00044151830391992103
flat_original,Mk06-1601-1,Mk06,"(0.5, 6, 4)",0.0006455761893791375
flat_original,Mk06-1601-10,Mk06,"(0.25, 3, 4)",0.0003779102651251757
flat_original,Mk06-1601-11,Mk06,"(0.25, 3, 4)",0.0006417901856656952
flat_original,Mk06-1601-12,Mk06,"(0.5, 3, 4)",0.00022288668563932466
flat_original,Mk06-1601-13,Mk06,"(0.25, 3, 4)",7.58145535533503e-05
flat_original,Mk06-1601-14,Mk06,"(0.5, 3, 4)",0.00010898251066419982
flat_original,Mk06-1601-15,Mk06,"(0.25, 3, 4)",1.8682310063242126e-05
flat_original,Mk06-1601-16,Mk06,"(0.5, 3, 4)",0.00014796607042376038
flat_original,Mk06-1601-17,Mk06,"(0.5, 3, 4)",0.0003506781764104727
flat_original,Mk06-1601-18,Mk06,"(0.5, 3, 4)",0.00017392718964579922
flat_original,Mk06-1601-19,Mk06,"(0.25, 3, 4)",0.0001402193334341707
flat_original,Mk06-1601-2,Mk06,"(0.5, 6, 4)",0.0
flat_original,Mk06-1601-3,Mk06,"(0.25, 5, 4)",0.0007055943629948437
flat_original,Mk06-1601-4,Mk06,"(0.5, 5, 4)",0.0006965729950886264
flat_original,Mk06-1601-5,Mk06,"(0.5, 5, 4)",0.0007538757579984682
flat_original,Mk06-1601-6,Mk06,"(0.5, 5, 4)",0.0009588644184274997
flat_original,Mk06-1601-7,Mk06,"(0.25, 3, 4)",0.0019772090107646146
flat_original,Mk06-1601-8,Mk06,"(0.25, 6, 4)",0.0005089992355461806
flat_original,Mk06-1601-9,Mk06,"(0.25, 6, 4)",0.0
flat_original,Mk06-1801-0,Mk06,"(0.25, 3, 4)",0.00011034743085888568
flat_original,Mk06-1801-1,Mk06,"(0.25, 5, 4)",0.001602487253603967
flat_original,Mk06-1801-10,Mk06,"(0.25, 3, 4)",0.0003692634819154074
flat_original,Mk06-1801-11,Mk06,"(0.25, 3, 4)",0.0001633451472399137
flat_original,Mk06-1801-12,Mk06,"(0.25, 3, 4)",0.00034589345401624897
flat_original,Mk06-1801-13,Mk06,"(0.25, 3, 4)",0.0003640476207456302
flat_original,Mk06-1801-14,Mk06,"(0.25, 3, 4)",0.00019102381521461501
flat_original,Mk06-1801-15,Mk06,"(0.25, 3, 4)",0.0005154973488911546
flat_original,Mk06-1801-16,Mk06,"(0.25, 3, 4)",0.00056769565980085
flat_original,Mk06-1801-17,Mk06,"(0.25, 3, 4)",0.0002547607641898437
flat_original,Mk06-1801-18,Mk06,"(0.25, 3, 4)",0.00032232116484386185
flat_original,Mk06-1801-19,Mk06,"(0.25, 3, 4)",0.0003173160073872898
flat_original,Mk06-1801-2,Mk06,"(0.5, 5, 4)",0.0007895881203445997
flat_original,Mk06-1801-3,Mk06,"(0.25, 3, 4)",0.00013784048086149686
flat_original,Mk06-1801-4,Mk06,"(0.25, 5, 4)",0.00031269766514357175
flat_original,Mk06-1801-5,Mk06,"(0.5, 5, 4)",0.0004665415558159495
flat_original,Mk06-1801-6,Mk06,"(0.5, 5, 4)",0.00018871605042022617
flat_original,Mk06-1801-7,Mk06,"(0.5, 5, 4)",0.0002987963449090983
flat_original,Mk06-1801-8,Mk06,"(0.25, 5, 4)",0.0
flat_original,Mk06-1801-9,Mk06,"(0.25, 3, 4)",0.00035981077642077003
flat_structural,Mk01-1401-0,Mk01,"(0.25, 5, 4)",0.004528578104881341
flat_structural,Mk01-1401-1,Mk01,"(0.25, 5, 4)",0.003652500541404729
flat_structural,Mk01-1401-10,Mk01,"(0.5, 6, 4)",0.0
flat_structural,Mk01-1401-11,Mk01,"(0.25, 3, 4)",0.0007008118615593074
flat_structural,Mk01-1401-12,Mk01,"(0.25, 5, 4)",0.0018574246188157852
flat_structural,Mk01-1401-13,Mk01,"(0.25, 3, 4)",0.000546341394753895
flat_structural,Mk01-1401-14,Mk01,"(0.25, 3, 4)",0.0011262198555111386
flat_structural,Mk01-1401-15,Mk01,"(0.5, 3, 4)",0.0012849044819709854
flat_structural,Mk01-1401-16,Mk01,"(0.5, 3, 4)",0.00010297436636384208
flat_structural,Mk01-1401-17,Mk01,"(0.5, 3, 4)",0.0017395558109177059
flat_structural,Mk01-1401-18,Mk01,"(0.5, 3, 4)",0.0008425045710209467
flat_structural,Mk01-1401-19,Mk01,"(0.25, 3, 4)",4.3657148545517364e-05
flat_structural,Mk01-1401-2,Mk01,"(0.25, 3, 4)",0.0015922160996050287
flat_structural,Mk01-1401-3,Mk01,"(0.25, 3, 4)",0.0027924881000967864
flat_structural,Mk01-1401-4,Mk01,"(0.25, 3, 4)",0.0028480579014401475
flat_structural,Mk01-1401-5,Mk01,"(0.25, 3, 4)",0.0018703342456196038
flat_structural,Mk01-1401-6,Mk01,"(0.25, 3, 4)",0.0017416464647773237
flat_structural,Mk01-1401-7,Mk01,"(0.25, 3, 4)",0.0018932730835094047
flat_structural,Mk01-1401-8,Mk01,"(0.25, 3, 4)",0.0006323023647719194
flat_structural,Mk01-1401-9,Mk01,"(0.25, 3, 4)",0.002054638828117835
flat_structural,Mk01-1601-0,Mk01,"(0.5, 6, 4)",0.0020933908323930253
flat_structural,Mk01-1601-1,Mk01,"(0.25, 5, 4)",0.0031875275745591597
flat_structural,Mk01-1601-10,Mk01,"(0.5, 6, 4)",0.0
flat_structural,Mk01-1601-11,Mk01,"(0.5, 6, 4)",0.0008069589618474493
flat_structural,Mk01-1601-12,Mk01,"(0.5, 6, 4)",0.003084990155638788
flat_structural,Mk01-1601-13,Mk01,"(0.5, 3, 4)",0.0001213785379398204
flat_structural,Mk01-1601-14,Mk01,"(0.5, 3, 4)",0.0004312660599074022
flat_structural,Mk01-1601-15,Mk01,"(0.25, 3, 4)",0.0010622742138295092
flat_structural,Mk01-1601-16,Mk01,"(0.5, 6, 4)",0.0005945172327862336
flat_structural,Mk01-1601-17,Mk01,"(0.5, 3, 4)",0.0008336635625220549
flat_structural,Mk01-1601-18,Mk01,"(0.5, 3, 4)",0.00042796535880591704
flat_structural,Mk01-1601-19,Mk01,"(0.5, 3, 4)",0.0006694751861965511
flat_structural,Mk01-1601-2,Mk01,"(0.5, 6, 4)",0.0001682333670309931
flat_structural,Mk01-1601-3,Mk01,"(0.5, 3, 4)",0.0009585001011518128
flat_structural,Mk01-1601-4,Mk01,"(0.5, 5, 4)",0.0039592267509079996
flat_structural,Mk01-1601-5,Mk01,"(0.25, 3, 4)",0.0026011353146108483
flat_structural,Mk01-1601-6,Mk01,"(0.5, 5, 4)",0.00027826307570859776
flat_structural,Mk01-1601-7,Mk01,"(0.25, 3, 4)",0.0018877059045671325
flat_structural,Mk01-1601-8,Mk01,"(0.25, 3, 4)",0.0006534742708796304
flat_structural,Mk01-1601-9,Mk01,"(0.25, 3, 4)",0.0008785834671048728
flat_structural,Mk01-1801-0,Mk01,"(0.25, 3, 4)",0.003645995316151003
flat_structural,Mk01-1801-1,Mk01,"(0.5, 6, 4)",0.0006140151201109675
flat_structural,Mk01-1801-10,Mk01,"(0.25, 3, 4)",0.0006306995459885887
flat_structural,Mk01-1801-11,Mk01,"(0.25, 3, 4)",0.00020034777933393552
flat_structural,Mk01-1801-12,Mk01,"(0.25, 3, 4)",3.164456115508805e-05
flat_structural,Mk01-1801-13,Mk01,"(0.25, 3, 4)",0.0041777730637383315
flat_structural,Mk01-1801-14,Mk01,"(0.5, 3, 4)",0.00307464837487929
flat_structural,Mk01-1801-15,Mk01,"(0.25, 5, 4)",0.00015203020868770844
flat_structural,Mk01-1801-16,Mk01,"(0.25, 5, 4)",0.0012323717873991766
flat_structural,Mk01-1801-17,Mk01,"(0.5, 3, 4)",0.0
flat_structural,Mk01-1801-18,Mk01,"(0.5, 3, 4)",0.00013708175467843915
flat_structural,Mk01-1801-19,Mk01,"(0.5, 3, 4)",0.0
flat_structural,Mk01-1801-2,Mk01,"(0.25, 5, 4)",0.0019542018461106035
flat_structural,Mk01-1801-3,Mk01,"(0.5, 3, 4)",0.00047499430778175805
flat_structural,Mk01-1801-4,Mk01,"(0.5, 3, 4)",0.0019112266792550585
flat_structural,Mk01-1801-5,Mk01,"(0.25, 3, 4)",0.0018939881581380076
flat_structural,Mk01-1801-6,Mk01,"(0.25, 3, 4)",0.0009310321093418245
flat_structural,Mk01-1801-7,Mk01,"(0.5, 3, 4)",0.0003010530253329197
flat_structural,Mk01-1801-8,Mk01,"(0.25, 3, 4)",0.0025683489149366102
flat_structural,Mk01-1801-9,Mk01,"(0.25, 5, 4)",0.00027175803008218217
flat_structural,Mk02-1401-0,Mk02,"(0.25, 5, 4)",0.003452667457431366
flat_structural,Mk02-1401-1,Mk02,"(0.5, 6, 4)",7.481258889943882e-05
flat_structural,Mk02-1401-10,Mk02,"(0.25, 3, 4)",0.001488852350743408
flat_structural,Mk02-1401-11,Mk02,"(0.25, 3, 4)",0.0008684989020128766
flat_structural,Mk02-1401-12,Mk02,"(0.25, 3, 4)",0.000957503435407949
flat_structural,Mk02-1401-13,Mk02,"(0.25, 3, 12)",0.0006387909864280631
flat_structural,Mk02-1401-14,Mk02,"(0.5, 5, 4)",0.00025362138504906933
flat_structural,Mk02-1401-15,Mk02,"(0.25, 3, 12)",0.00043030151833772085
flat_structural,Mk02-1401-16,Mk02,"(0.25, 3, 12)",0.00042012851189755177
flat_structural,Mk02-1401-17,Mk02,"(0.25, 5, 12)",0.0010040282944653667
flat_structural,Mk02-1401-18,Mk02,"(0.25, 5, 4)",0.0007832253300267553
flat_structural,Mk02-1401-19,Mk02,"(0.25, 3, 4)",0.00032107934827825795
flat_structural,Mk02-1401-2,Mk02,"(0.5, 6, 4)",7.481258889943882e-05
flat_structural,Mk02-1401-3,Mk02,"(0.25, 3, 4)",0.0028745021345350542
flat_structural,Mk02-1401-4,Mk02,"(0.25, 6, 4)",0.005475771030801178
flat_structural,Mk02-1401-5,Mk02,"(0.25, 3, 4)",0.0008854118719072916
flat_structural,Mk02-1401-6,Mk02,"(0.5, 5, 12)",0.0004854002687815942
flat_structural,Mk02-1401-7,Mk02,"(0.25, 3, 4)",0.0035501578443211173
flat_structural,Mk02-1401-8,Mk02,"(0.25, 3, 4)",1.532002741800394e-05
flat_structural,Mk02-1401-9,Mk02,"(0.25, 3, 4)",2.257202275967457e-05
flat_structural,Mk02-1601-0,Mk02,"(0.5, 6, 4)",0.0
flat_structural,Mk02-1601-1,Mk02,"(0.25, 3, 4)",0.004886136798376351
flat_structural,Mk02-1601-10,Mk02,"(0.5, 5, 4)",0.0007641998430712759
flat_structural,Mk02-1601-11,Mk02,"(0.5, 5, 12)",0.0002975040535600714
flat_structural,Mk02-1601-12,Mk02,"(0.5, 3, 4)",0.0038428026910742917
flat_structural,Mk02-1601-13,Mk02,"(0.25, 3, 12)",5.040072323728278e-05
flat_structural,Mk02-1601-14,Mk02,"(0.25, 3, 4)",0.0008406688194969589
flat_structural,Mk02-1601-15,Mk02,"(0.25, 3, 4)",0.0001084535825628338
flat_structural,Mk02-1601-16,Mk02,"(0.25, 3, 4)",0.0011168865532676137
flat_structural,Mk02-1601-17,Mk02,"(0.25, 3, 4)",0.001493043097046899
flat_structural,Mk02-1601-18,Mk02,"(0.25, 3, 4)",0.000733939181358803
flat_structural,Mk02-1601-19,Mk02,"(0.25, 3, 4)",0.0011168865532676137
flat_structural,Mk02-1601-2,Mk02,"(0.5, 3, 4)",0.0007555335207973294
flat_structural,Mk02-1601-3,Mk02,"(0.25, 3, 4)",0.0021350416645404325
flat_structural,Mk02-1601-4,Mk02,"(0.5, 3, 4)",0.002738860171522985
flat_structural,Mk02-1601-5,Mk02,"(0.25, 3, 4)",0.002275509201724317
flat_structural,Mk02-1601-6,Mk02,"(0.5, 5, 12)",0.0004473087802605529
flat_structural,Mk02-1601-7,Mk02,"(0.25, 3, 12)",0.0010063987254228502
flat_structural,Mk02-1601-8,Mk02,"(0.5, 5, 4)",0.0021322738780882866
flat_structural,Mk02-1601-9,Mk02,"(0.25, 5, 4)",0.0008372125877790777
flat_structural,Mk02-1801-0,Mk02,"(0.5, 6, 4)",0.0
flat_structural,Mk02-1801-1,Mk02,"(0.25, 5, 4)",0.0022642729588994107
flat_structural,Mk02-1801-10,Mk02,"(0.25, 5, 4)",0.0006130554195553856
flat_structural,Mk02-1801-11,Mk02,"(0.25, 3, 4)",0.0016463765053816777
flat_structural,Mk02-1801-12,Mk02,"(0.25, 3, 4)",0.0025661016188739173
flat_structural,Mk02-1801-13,Mk02,"(0.25, 3, 4)",0.00021127667291374842
flat_structural,Mk02-1801-14,Mk02,"(0.25, 3, 12)",0.0010377571691265856
flat_structural,Mk02-1801-15,Mk02,"(0.5, 5, 12)",0.00019475110907931216
flat_structural,Mk02-1801-16,Mk02,"(0.25, 3, 12)",0.0004718497834940901
flat_structural,Mk02-1801-17,Mk02,"(0.25, 3, 12)",0.0006757148947543339
flat_structural,Mk02-1801-18,Mk02,"(0.25, 3, 4)",0.00015883724099765152
flat_structural,Mk02-1801-19,Mk02,"(0.25, 3, 4)",0.0019412466093623828
flat_structural,Mk02-1801-2,Mk02,"(0.25, 5, 4)",0.0011409521544398116
flat_structural,Mk02-1801-3,Mk02,"(0.25, 3, 4)",0.0005409420988978515
flat_structural,Mk02-1801-4,Mk02,"(0.25, 3, 4)",0.0006564190165447333
flat_structural,Mk02-1801-5,Mk02,"(0.25, 3, 4)",0.003644331512037853
flat_structural,Mk02-1801-6,Mk02,"(0.25, 5, 4)",0.0006204645162945128
flat_structural,Mk02-1801-7,Mk02,"(0.25, 5, 4)",0.0004641233051465865
flat_structural,Mk02-1801-8,Mk02,"(0.25, 5, 4)",0.0
flat_structural,Mk02-1801-9,Mk02,"(0.25, 3, 4)",0.0019207646484568626
flat_structural,Mk03-1401-0,Mk03,"(0.5, 5, 4)",0.0011251541534525963
flat_structural,Mk03-1401-1,Mk03,"(0.25, 3, 4)",0.0012498164418264176
flat_structural,Mk03-1401-10,Mk03,"(0.5, 3, 4)",0.001031341312955449
flat_structural,Mk03-1401-11,Mk03,"(0.5, 3, 4)",0.00033880972360516063
flat_structural,Mk03-1401-12,Mk03,"(0.5, 3, 4)",0.0003286682900757777
flat_structural,Mk03-1401-13,Mk03,"(0.25, 3, 4)",0.0002670326145987076
flat_structural,Mk03-1401-14,Mk03,"(0.5, 5, 4)",0.0
flat_structural,Mk03-1401-15,Mk03,"(0.5, 5, 4)",0.0
flat_structural,Mk03-1401-16,Mk03,"(0.25, 3, 4)",0.0003592431393482974
flat_structural,Mk03-1401-17,Mk03,"(0.25, 3, 4)",0.000414050112870445
flat_structural,Mk03-1401-18,Mk03,"(0.5, 5, 4)",0.0
flat_structural,Mk03-1401-19,Mk03,"(0.5, 5, 4)",0.0
flat_structural,Mk03-1401-2,Mk03,"(0.25, 3, 4)",0.0007246135887387017
flat_structural,Mk03-1401-3,Mk03,"(0.25, 5, 4)",0.0
flat_structural,Mk03-1401-4,Mk03,"(0.25, 5, 4)",0.0007137440422845807
flat_structural,Mk03-1401-5,Mk03,"(0.5, 6, 4)",0.0
flat_structural,Mk03-1401-6,Mk03,"(0.5, 3, 4)",0.000461996354569843
flat_structural,Mk03-1401-7,Mk03,"(0.25, 3, 4)",0.001429553384113605
flat_structural,Mk03-1401-8,Mk03,"(0.5, 5, 4)",0.00016555703362007373
flat_structural,Mk03-1401-9,Mk03,"(0.5, 6, 4)",5.160625089601018e-05
flat_structural,Mk03-1601-0,Mk03,"(0.5, 5, 4)",0.0016188761323790964
flat_structural,Mk03-1601-1,Mk03,"(0.25, 5, 4)",0.0008675600717377285
flat_structural,Mk03-1601-10,Mk03,"(0.5, 6, 4)",0.0
flat_structural,Mk03-1601-11,Mk03,"(0.5, 6, 4)",0.0013671031296314698
flat_structural,Mk03-1601-12,Mk03,"(0.5, 6, 4)",0.0
flat_structural,Mk03-1601-13,Mk03,"(0.5, 6, 4)",0.0
flat_structural,Mk03-1601-14,Mk03,"(0.5, 6, 4)",0.0
flat_structural,Mk03-1601-15,Mk03,"(0.5, 6, 4)",0.0
flat_structural,Mk03-1601-16,Mk03,"(0.5, 6, 4)",0.0
flat_structural,Mk03-1601-17,Mk03,"(0.5, 6, 4)",0.0
flat_structural,Mk03-1601-18,Mk03,"(0.5, 6, 4)",0.0
flat_structural,Mk03-1601-19,Mk03,"(0.5, 6, 4)",0.0
flat_structural,Mk03-1601-2,Mk03,"(0.25, 3, 4)",0.00016523487863182766
flat_structural,Mk03-1601-3,Mk03,"(0.25, 3, 4)",0.00031605031772788525
flat_structural,Mk03-1601-4,Mk03,"(0.25, 5, 4)",0.00014615480956417667
flat_structural,Mk03-1601-5,Mk03,"(0.25, 3, 4)",0.000544601561095575
flat_structural,Mk03-1601-6,Mk03,"(0.25, 3, 4)",0.0003386894684355164
flat_structural,Mk03-1601-7,Mk03,"(0.25, 6, 4)",0.0
flat_structural,Mk03-1601-8,Mk03,"(0.25, 3, 4)",2.2254585462366935e-05
flat_structural,Mk03-1601-9,Mk03,"(0.5, 6, 4)",0.0
flat_structural,Mk03-1801-0,Mk03,"(0.5, 5, 4)",0.0012290558462275598
flat_structural,Mk03-1801-1,Mk03,"(0.25, 3, 4)",0.00096077657390138
flat_structural,Mk03-1801-10,Mk03,"(0.5, 3, 4)",9.585391707152106e-05
flat_structural,Mk03-1801-11,Mk03,"(0.5, 3, 4)",0.000372368516342504
flat_structural,Mk03-1801-12,Mk03,"(0.25, 3, 4)",0.0001557221148713807
flat_structural,Mk03-1801-13,Mk03,"(0.25, 3, 4)",0.00023707459477806457
flat_structural,Mk03-1801-14,Mk03,"(0.5, 5, 4)",0.00013194296345486202
flat_structural,Mk03-1801-15,Mk03,"(0.25, 3, 4)",0.000208343173672681
flat_structural,Mk03-1801-16,Mk03,"(0.5, 5, 4)",9.84020746043156e-05
flat_structural,Mk03-1801-17,Mk03,"(0.25, 3, 4)",0.0002854466074383179
flat_structural,Mk03-1801-18,Mk03,"(0.25, 3, 4)",0.0002498977248630817
flat_structural,Mk03-1801-19,Mk03,"(0.25, 3, 4)",0.0005769250287859823
flat_structural,Mk03-1801-2,Mk03,"(0.25, 3, 4)",0.0008380831537365757
flat_structural,Mk03-1801-3,Mk03,"(0.5, 6, 4)",7.675734409838542e-05
flat_structural,Mk03-1801-4,Mk03,"(0.5, 6, 4)",0.0
flat_structural,Mk03-1801-5,Mk03,"(0.5, 6, 4)",0.0
flat_structural,Mk03-1801-6,Mk03,"(0.5, 6, 4)",0.0
flat_structural,Mk03-1801-7,Mk03,"(0.5, 6, 4)",0.0
flat_structural,Mk03-1801-8,Mk03,"(0.25, 3, 4)",0.00023186643583419583
flat_structural,Mk03-1801-9,Mk03,"(0.5, 6, 4)",0.0
flat_structural,Mk04-1401-0,Mk04,"(0.5, 6, 4)",0.0
flat_structural,Mk04-1401-1,Mk04,"(0.25, 3, 4)",0.0015019339262289622
flat_structural,Mk04-1401-10,Mk04,"(0.5, 5, 12)",0.00016451225944360366
flat_structural,Mk04-1401-11,Mk04,"(0.25, 3, 4)",0.000828384094653636
flat_structural,Mk04-1401-12,Mk04,"(0.5, 5, 12)",4.1074405305134174e-05
flat_structural,Mk04-1401-13,Mk04,"(0.5, 5, 12)",0.00018558869874597816
flat_structural,Mk04-1401-14,Mk04,"(0.25, 3, 4)",0.0005781102202144803
flat_structural,Mk04-1401-15,Mk04,"(0.25, 3, 4)",0.0006400671939520944
flat_structural,Mk04-1401-16,Mk04,"(0.25, 3, 4)",8.039451927350583e-05
flat_structural,Mk04-1401-17,Mk04,"(0.25, 3, 4)",0.0006566859730700902
flat_structural,Mk04-1401-18,Mk04,"(0.25, 3, 4)",0.0006962636281398638
flat_structural,Mk04-1401-19,Mk04,"(0.25, 3, 4)",0.0006345216931474766
flat_structural,Mk04-1401-2,Mk04,"(0.25, 3, 4)",0.0004335397457083314
flat_structural,Mk04-1401-3,Mk04,"(0.5, 3, 4)",0.0016085319706235575
flat_structural,Mk04-1401-4,Mk04,"(0.5, 3, 4)",0.0006126502405814404
flat_structural,Mk04-1401-5,Mk04,"(0.25, 3, 4)",0.0006541155692031582
flat_structural,Mk04-1401-6,Mk04,"(0.25, 3, 4)",0.0008057873006482371
flat_structural,Mk04-1401-7,Mk04,"(0.25, 3, 4)",0.00208065087016126
flat_structural,Mk04-1401-8,Mk04,"(0.5, 3, 4)",0.00036647245614793763
flat_structural,Mk04-1401-9,Mk04,"(0.25, 3, 4)",0.00012647417083976758
flat_structural,Mk04-1601-0,Mk04,"(0.25, 3, 4)",0.0023667723886810522
flat_structural,Mk04-1601-1,Mk04,"(0.25, 6, 4)",0.0
flat_structural,Mk04-1601-10,Mk04,"(0.25, 3, 4)",0.00045119536367323665
flat_structural,Mk04-1601-11,Mk04,"(0.25, 3, 4)",0.0019228299842160164
flat_structural,Mk04-1601-12,Mk04,"(0.25, 3, 4)",0.0007644707685357567
flat_structural,Mk04-1601-13,Mk04,"(0.25, 3, 4)",2.7836972053097136e-05
flat_structural,Mk04-1601-14,Mk04,"(0.25, 3, 4)",0.000512970691005519
flat_structural,Mk04-1601-15,Mk04,"(0.5, 3, 4)",0.0009988872958900464
flat_structural,Mk04-1601-16,Mk04,"(0.25, 3, 4)",0.001091268166757651
flat_structural,Mk04-1601-17,Mk04,"(0.25, 3, 4)",0.0005857046984814075
flat_structural,Mk04-1601-18,Mk04,"(0.25, 3, 4)",1.995131770426311e-05
flat_structural,Mk04-1601-19,Mk04,"(0.25, 3, 4)",0.0011623082487642608
flat_structural,Mk04-1601-2,Mk04,"(0.25, 3, 4)",0.0004621287366177486
flat_structural,Mk04-1601-3,Mk04,"(0.25, 6, 4)",0.0
flat_structural,Mk04-1601-4,Mk04,"(0.5, 3, 4)",0.00035010150934428833
flat_structural,Mk04-1601-5,Mk04,"(0.25, 6, 4)",0.003180200962631882
flat_structural,Mk04-1601-6,Mk04,"(0.5, 6, 4)",0.00012204287343954307
flat_structural,Mk04-1601-7,Mk04,"(0.5, 6, 4)",0.0013857897938401348
flat_structural,Mk04-1601-8,Mk04,"(0.5, 3, 4)",0.000528232697035149
flat_structural,Mk04-1601-9,Mk04,"(0.5, 3, 4)",0.0019707512461235614
flat_structural,Mk04-1801-0,Mk04,"(0.25, 6, 4)",0.0
flat_structural,Mk04-1801-1,Mk04,"(0.5, 5, 4)",0.0013252662634899446
flat_structural,Mk04-1801-10,Mk04,"(0.25, 3, 4)",0.00089022875405388
flat_structural,Mk04-1801-11,Mk04,"(0.25, 3, 4)",0.0008341090308901888
flat_structural,Mk04-1801-12,Mk04,"(0.25, 5, 4)",0.001034481534956042
flat_structural,Mk04-1801-13,Mk04,"(0.25, 3, 4)",0.0007804698919224823
flat_structural,Mk04-1801-14,Mk04,"(0.25, 3, 4)",0.0008433238746199051
flat_structural,Mk04-1801-15,Mk04,"(0.25, 3, 12)",0.0005122858798763237
flat_structural,Mk04-1801-16,Mk04,"(0.25, 3, 4)",0.0005514016090037847
flat_structural,Mk04-1801-17,Mk04,"(0.25, 3, 12)",0.00011812947479317175
flat_structural,Mk04-1801-18,Mk04,"(0.25, 5, 4)",0.0013078952102390238
flat_structural,Mk04-1801-19,Mk04,"(0.25, 3, 12)",0.0002770334414352952
flat_structural,Mk04-1801-2,Mk04,"(0.25, 5, 4)",0.001317960959254696
flat_structural,Mk04-1801-3,Mk04,"(0.25, 3, 4)",0.0001613849204039426
flat_structural,Mk04-1801-4,Mk04,"(0.25, 3, 4)",0.00041794712752398844
flat_structural,Mk04-1801-5,Mk04,"(0.25, 5, 4)",0.00041368617455281895
flat_structural,Mk04-1801-6,Mk04,"(0.25, 3, 4)",0.00013043363450984257
flat_structural,Mk04-1801-7,Mk04,"(0.25, 3, 4)",0.000806015635144311
flat_structural,Mk04-1801-8,Mk04,"(0.25, 3, 4)",0.0007396918720302436
flat_structural,Mk04-1801-9,Mk04,"(0.25, 5, 4)",0.0017471854348022559
flat_structural,Mk05-1401-0,Mk05,"(0.25, 3, 4)",0.0013001870621614426
flat_structural,Mk05-1401-1,Mk05,"(0.25, 3, 4)",7.618941886778328e-05
flat_structural,Mk05-1401-10,Mk05,"(0.25, 3, 4)",0.00039343651277929954
flat_structural,Mk05-1401-11,Mk05,"(0.25, 3, 4)",0.00043715546923566643
flat_structural,Mk05-1401-12,Mk05,"(0.25, 5, 4)",2.1763668464726445e-05
flat_structural,Mk05-1401-13,Mk05,"(0.25, 5, 4)",0.00014280658348084967
flat_structural,Mk05-1401-14,Mk05,"(0.25, 3, 4)",0.0010674211089937297
flat_structural,Mk05-1401-15,Mk05,"(0.25, 3, 4)",0.0006158377559828828
flat_structural,Mk05-1401-16,Mk05,"(0.25, 3, 4)",0.0009135281958458183
flat_structural,Mk05-1401-17,Mk05,"(0.25, 3, 4)",9.402964889581927e-05
flat_structural,Mk05-1401-18,Mk05,"(0.25, 3, 4)",0.00018901733920952688
flat_structural,Mk05-1401-19,Mk05,"(0.25, 3, 4)",0.0002210434385397312
flat_structural,Mk05-1401-2,Mk05,"(0.25, 3, 4)",0.0009311102695722356
flat_structural,Mk05-1401-3,Mk05,"(0.25, 5, 4)",0.00047680003692563235
flat_structural,Mk05-1401-4,Mk05,"(0.5, 3, 4)",0.0017209931425064026
flat_structural,Mk05-1401-5,Mk05,"(0.25, 3, 12)",0.000556233093020311
flat_structural,Mk05-1401-6,Mk05,"(0.25, 3, 4)",0.000832755174777061
flat_structural,Mk05-1401-7,Mk05,"(0.25, 3, 4)",0.0005791327739580231
flat_structural,Mk05-1401-8,Mk05,"(0.5, 3, 4)",0.00030370501307683305
flat_structural,Mk05-1401-9,Mk05,"(0.25, 3, 4)",0.00031801808693603865
flat_structural,Mk05-1601-0,Mk05,"(0.25, 3, 4)",0.0030708672410468736
flat_structural,Mk05-1601-1,Mk05,"(0.25, 3, 4)",0.0017862408953785826
flat_structural,Mk05-1601-10,Mk05,"(0.25, 3, 4)",0.0008381831703594988
flat_structural,Mk05-1601-11,Mk05,"(0.25, 3, 4)",0.0013310821323447275
flat_structural,Mk05-1601-12,Mk05,"(0.25, 3, 4)",0.0011173825274629328
flat_structural,Mk05-1601-13,Mk05,"(0.25, 5, 4)",0.00016677797481166878
flat_structural,Mk05-1601-14,Mk05,"(0.25, 3, 4)",0.0001398624013477397
flat_structural,Mk05-1601-15,Mk05,"(0.25, 5, 4)",0.00012385958782759024
flat_structural,Mk05-1601-16,Mk05,"(0.5, 3, 4)",0.0010111518998672266
flat_structural,Mk05-1601-17,Mk05,"(0.5, 3, 4)",0.0009086642094001071
flat_structural,Mk05-1601-18,Mk05,"(0.5, 3, 4)",0.0008128236927504367
flat_structural,Mk05-1601-19,Mk05,"(0.25, 3, 4)",1.1657519605832306e-05
flat_structural,Mk05-1601-2,Mk05,"(0.25, 5, 4)",0.002514461674715465
flat_structural,Mk05-1601-3,Mk05,"(0.25, 3, 4)",0.0007496494391644344
flat_structural,Mk05-1601-4,Mk05,"(0.25, 3, 4)",0.000514657511830602
flat_structural,Mk05-1601-5,Mk05,"(0.25, 5, 4)",0.002303189845121048
flat_structural,Mk05-1601-6,Mk05,"(0.25, 5, 4)",0.0018292444599652684
flat_structural,Mk05-1601-7,Mk05,"(0.25, 5, 4)",0.0
flat_structural,Mk05-1601-8,Mk05,"(0.5, 3, 4)",0.0004738807383249139
flat_structural,Mk05-1601-9,Mk05,"(0.5, 3, 4)",0.0011590441193870286
flat_structural,Mk05-1801-0,Mk05,"(0.5, 5, 4)",0.0012029749713806503
flat_structural,Mk05-1801-1,Mk05,"(0.5, 5, 4)",0.00010696317536577232
flat_structural,Mk05-1801-10,Mk05,"(0.25, 5, 4)",5.756424209193154e-06
flat_structural,Mk05-1801-11,Mk05,"(0.25, 5, 4)",0.00011228416461859072
flat_structural,Mk05-1801-12,Mk05,"(0.25, 5, 4)",0.0
flat_structural,Mk05-1801-13,Mk05,"(0.25, 5, 4)",3.0078765602047043e-05
flat_structural,Mk05-1801-14,Mk05,"(0.25, 3, 4)",0.00011022156432709718
flat_structural,Mk05-1801-15,Mk05,"(0.25, 3, 4)",0.00011022156432709718
flat_structural,Mk05-1801-16,Mk05,"(0.25, 3, 4)",0.0
flat_structural,Mk05-1801-17,Mk05,"(0.25, 3, 4)",0.0005238193942760053
flat_structural,Mk05-1801-18,Mk05,"(0.25, 3, 4)",0.00039774041134398724
flat_structural,Mk05-1801-19,Mk05,"(0.5, 3, 4)",2.560201066637859e-05
flat_structural,Mk05-1801-2,Mk05,"(0.25, 3, 4)",0.00029191759640892967
flat_structural,Mk05-1801-3,Mk05,"(0.5, 3, 4)",7.520562673944773e-06
flat_structural,Mk05-1801-4,Mk05,"(0.25, 3, 4)",0.0004538420904704359
flat_structural,Mk05-1801-5,Mk05,"(0.25, 3, 4)",0.0008354781899817634
flat_structural,Mk05-1801-6,Mk05,"(0.25, 5, 4)",7.41127730471225e-05
flat_structural,Mk05-1801-7,Mk05,"(0.25, 5, 4)",0.0006943260354245503
flat_structural,Mk05-1801-8,Mk05,"(0.25, 5, 4)",0.0018064557356512081
flat_structural,Mk05-1801-9,Mk05,"(0.25, 5, 4)",0.002849699994128715
flat_structural,Mk06-1401-0,Mk06,"(0.25, 3, 4)",0.0005941019406598047
flat_structural,Mk06-1401-1,Mk06,"(0.5, 6, 4)",0.0
flat_structural,Mk06-1401-10,Mk06,"(0.25, 3, 4)",0.0011437798394661055
flat_structural,Mk06-1401-11,Mk06,"(0.25, 3, 4)",8.242808977266874e-05
flat_structural,Mk06-1401-12,Mk06,"(0.25, 3, 4)",0.0007402259978335774
flat_structural,Mk06-1401-13,Mk06,"(0.25, 3, 4)",0.000553214822790394
flat_structural,Mk06-1401-14,Mk06,"(0.25, 3, 4)",0.0005884083888618558
flat_structural,Mk06-1401-15,Mk06,"(0.25, 3, 4)",0.0006238440769247091
flat_structural,Mk06-1401-16,Mk06,"(0.25, 3, 4)",0.00032396130185607204
flat_structural,Mk06-1401-17,Mk06,"(0.25, 3, 4)",0.00034311531813301663
flat_structural,Mk06-1401-18,Mk06,"(0.25, 3, 4)",0.00018764890247180183
flat_structural,Mk06-1401-19,Mk06,"(0.25, 3, 4)",0.0004636518271482566
flat_structural,Mk06-1401-2,Mk06,"(0.5, 6, 4)",0.0
flat_structural,Mk06-1401-3,Mk06,"(0.25, 5, 4)",0.0005707018754733759
flat_structural,Mk06-1401-4,Mk06,"(0.25, 3, 4)",0.0003361318118522518
flat_structural,Mk06-1401-5,Mk06,"(0.25, 3, 4)",0.0009762823281149848
flat_structural,Mk06-1401-6,Mk06,"(0.25, 3, 4)",0.0004694404814469971
flat_structural,Mk06-1401-7,Mk06,"(0.25, 3, 4)",0.0009723069748709219
flat_structural,Mk06-1401-8,Mk06,"(0.25, 3, 4)",0.0008550783580472355
flat_structural,Mk06-1401-9,Mk06,"(0.25, 3, 4)",2.9966998802504006e-05
flat_structural,Mk06-1601-0,Mk06,"(0.5, 5, 4)",0.00044151830391992103
flat_structural,Mk06-1601-1,Mk06,"(0.25, 3, 4)",0.0009262672984842453
flat_structural,Mk06-1601-10,Mk06,"(0.5, 3, 4)",0.000439351700876966
flat_structural,Mk06-1601-11,Mk06,"(0.25, 6, 4)",0.0
flat_structural,Mk06-1601-12,Mk06,"(0.25, 3, 4)",0.00011779222839129419
flat_structural,Mk06-1601-13,Mk06,"(0.25, 3, 4)",7.58145535533503e-05
flat_structural,Mk06-1601-14,Mk06,"(0.25, 3, 4)",0.00043978231680613764
flat_structural,Mk06-1601-15,Mk06,"(0.25, 3, 4)",1.8682310063242126e-05
flat_structural,Mk06-1601-16,Mk06,"(0.25, 3, 4)",0.0003301911502182533
flat_structural,Mk06-1601-17,Mk06,"(0.25, 3, 4)",0.00043852214208182526
flat_structural,Mk06-1601-18,Mk06,"(0.25, 3, 4)",3.914349899801451e-06
flat_structural,Mk06-1601-19,Mk06,"(0.25, 3, 4)",0.0001402193334341707
flat_structural,Mk06-1601-2,Mk06,"(0.25, 3, 4)",0.0002673672642180844
flat_structural,Mk06-1601-3,Mk06,"(0.25, 3, 4)",0.000777395351385066
flat_structural,Mk06-1601-4,Mk06,"(0.5, 5, 4)",0.0006965729950886264
flat_structural,Mk06-1601-5,Mk06,"(0.5, 5, 4)",0.0007538757579984682
flat_structural,Mk06-1601-6,Mk06,"(0.5, 5, 4)",0.0009588644184274997
flat_structural,Mk06-1601-7,Mk06,"(0.5, 5, 4)",3.3679529231234575e-05
flat_structural,Mk06-1601-8,Mk06,"(0.5, 5, 4)",0.0003782901135517677
flat_structural,Mk06-1601-9,Mk06,"(0.5, 5, 4)",0.00014354520850753342
flat_structural,Mk06-1801-0,Mk06,"(0.25, 3, 4)",0.00011034743085888568
flat_structural,Mk06-1801-1,Mk06,"(0.25, 3, 4)",0.0011410028088538935
flat_structural,Mk06-1801-10,Mk06,"(0.25, 3, 4)",0.0003692634819154074
flat_structural,Mk06-1801-11,Mk06,"(0.25, 5, 4)",0.000445041166525632
flat_structural,Mk06-1801-12,Mk06,"(0.25, 3, 4)",0.00034589345401624897
flat_structural,Mk06-1801-13,Mk06,"(0.25, 3, 4)",0.0003640476207456302
flat_structural,Mk06-1801-14,Mk06,"(0.25, 5, 4)",0.00011827164137579349
flat_structural,Mk06-1801-15,Mk06,"(0.25, 5, 4)",0.0
flat_structural,Mk06-1801-16,Mk06,"(0.25, 3, 4)",0.00056769565980085
flat_structural,Mk06-1801-17,Mk06,"(0.5, 3, 4)",0.0001790760873291834
flat_structural,Mk06-1801-18,Mk06,"(0.5, 3, 4)",0.00018813102912675983
flat_structural,Mk06-1801-19,Mk06,"(0.5, 3, 4)",0.00037049646519538037
flat_structural,Mk06-1801-2,Mk06,"(0.5, 5, 4)",0.0007895881203445997
flat_structural,Mk06-1801-3,Mk06,"(0.25, 3, 4)",0.00013784048086149686
flat_structural,Mk06-1801-4,Mk06,"(0.5, 3, 4)",0.0006740407284289355
flat_structural,Mk06-1801-5,Mk06,"(0.5, 3, 4)",0.00015597703050742066
flat_structural,Mk06-1801-6,Mk06,"(0.5, 5, 4)",0.00018871605042022617
flat_structural,Mk06-1801-7,Mk06,"(0.5, 5, 4)",0.0002987963449090983
flat_structural,Mk06-1801-8,Mk06,"(0.25, 5, 4)",0.0
flat_structural,Mk06-1801-9,Mk06,"(0.5, 5, 4)",0.0005174975230574324
hierarchical_structural,Mk01-1401-0,Mk01,"(0.5, 5, 4)",0.00471090584297512
hierarchical_structural,Mk01-1401-1,Mk01,"(0.5, 5, 4)",0.0008379837087424977
hierarchical_structural,Mk01-1401-10,Mk01,"(0.5, 6, 4)",0.0
hierarchical_structural,Mk01-1401-11,Mk01,"(0.5, 3, 4)",0.0012092660208688276
hierarchical_structural,Mk01-1401-12,Mk01,"(0.5, 3, 4)",0.0018251276290602062
hierarchical_structural,Mk01-1401-13,Mk01,"(0.25, 3, 4)",0.000546341394753895
hierarchical_structural,Mk01-1401-14,Mk01,"(0.5, 3, 4)",0.0008333205378209842
hierarchical_structural,Mk01-1401-15,Mk01,"(0.5, 3, 4)",0.0012849044819709854
hierarchical_structural,Mk01-1401-16,Mk01,"(0.5, 3, 4)",0.00010297436636384208
hierarchical_structural,Mk01-1401-17,Mk01,"(0.5, 3, 4)",0.0017395558109177059
hierarchical_structural,Mk01-1401-18,Mk01,"(0.5, 3, 4)",0.0008425045710209467
hierarchical_structural,Mk01-1401-19,Mk01,"(0.5, 3, 4)",0.0004629191889290948
hierarchical_structural,Mk01-1401-2,Mk01,"(0.5, 3, 4)",0.0015385500413611073
hierarchical_structural,Mk01-1401-3,Mk01,"(0.25, 3, 4)",0.0027924881000967864
hierarchical_structural,Mk01-1401-4,Mk01,"(0.25, 3, 4)",0.0028480579014401475
hierarchical_structural,Mk01-1401-5,Mk01,"(0.5, 3, 4)",0.0002832888084523253
hierarchical_structural,Mk01-1401-6,Mk01,"(0.25, 3, 4)",0.0017416464647773237
hierarchical_structural,Mk01-1401-7,Mk01,"(0.5, 3, 4)",0.0023821238217138713
hierarchical_structural,Mk01-1401-8,Mk01,"(0.5, 3, 4)",0.0008825642166269583
hierarchical_structural,Mk01-1401-9,Mk01,"(0.5, 3, 4)",0.0032370061245391873
hierarchical_structural,Mk01-1601-0,Mk01,"(0.5, 6, 4)",0.0020933908323930253
hierarchical_structural,Mk01-1601-1,Mk01,"(0.5, 5, 4)",0.002541848682365922
hierarchical_structural,Mk01-1601-10,Mk01,"(0.5, 6, 4)",0.0
hierarchical_structural,Mk01-1601-11,Mk01,"(0.5, 5, 4)",0.0005733098367687252
hierarchical_structural,Mk01-1601-12,Mk01,"(0.5, 6, 4)",0.003084990155638788
hierarchical_structural,Mk01-1601-13,Mk01,"(0.5, 3, 4)",0.0001213785379398204
hierarchical_structural,Mk01-1601-14,Mk01,"(0.5, 3, 4)",0.0004312660599074022
hierarchical_structural,Mk01-1601-15,Mk01,"(0.25, 3, 4)",0.0010622742138295092
hierarchical_structural,Mk01-1601-16,Mk01,"(0.25, 6, 4)",0.0005945172327862336
hierarchical_structural,Mk01-1601-17,Mk01,"(0.5, 3, 4)",0.0008336635625220549
hierarchical_structural,Mk01-1601-18,Mk01,"(0.5, 3, 4)",0.00042796535880591704
hierarchical_structural,Mk01-1601-19,Mk01,"(0.5, 3, 4)",0.0006694751861965511
hierarchical_structural,Mk01-1601-2,Mk01,"(0.5, 6, 4)",0.0001682333670309931
hierarchical_structural,Mk01-1601-3,Mk01,"(0.5, 3, 4)",0.0009585001011518128
hierarchical_structural,Mk01-1601-4,Mk01,"(0.5, 5, 4)",0.0039592267509079996
hierarchical_structural,Mk01-1601-5,Mk01,"(0.5, 5, 4)",5.3347052167692505e-05
hierarchical_structural,Mk01-1601-6,Mk01,"(0.5, 5, 4)",0.00027826307570859776
hierarchical_structural,Mk01-1601-7,Mk01,"(0.25, 3, 4)",0.0018877059045671325
hierarchical_structural,Mk01-1601-8,Mk01,"(0.5, 6, 4)",0.0034927298373683695
hierarchical_structural,Mk01-1601-9,Mk01,"(0.25, 3, 4)",0.0008785834671048728
hierarchical_structural,Mk01-1801-0,Mk01,"(0.25, 3, 4)",0.003645995316151003
hierarchical_structural,Mk01-1801-1,Mk01,"(0.5, 5, 4)",0.0002520228259388184
hierarchical_structural,Mk01-1801-10,Mk01,"(0.5, 3, 4)",0.0006306995459885887
hierarchical_structural,Mk01-1801-11,Mk01,"(0.5, 3, 4)",0.004933924232805823
hierarchical_structural,Mk01-1801-12,Mk01,"(0.5, 4, 4)",0.0
hierarchical_structural,Mk01-1801-13,Mk01,"(0.25, 3, 4)",0.0041777730637383315
hierarchical_structural,Mk01-1801-14,Mk01,"(0.5, 3, 4)",0.00307464837487929
hierarchical_structural,Mk01-1801-15,Mk01,"(0.5, 3, 4)",0.0
hierarchical_structural,Mk01-1801-16,Mk01,"(0.5, 3, 4)",0.004313585507701891
hierarchical_structural,Mk01-1801-17,Mk01,"(0.5, 3, 4)",0.0
hierarchical_structural,Mk01-1801-18,Mk01,"(0.5, 3, 4)",0.00013708175467843915
hierarchical_structural,Mk01-1801-19,Mk01,"(0.5, 3, 4)",0.0
hierarchical_structural,Mk01-1801-2,Mk01,"(0.5, 5, 4)",0.003510227512233504
hierarchical_structural,Mk01-1801-3,Mk01,"(0.5, 3, 4)",0.00047499430778175805
hierarchical_structural,Mk01-1801-4,Mk01,"(0.5, 3, 4)",0.0019112266792550585
hierarchical_structural,Mk01-1801-5,Mk01,"(0.5, 6, 4)",0.00034559790900952087
hierarchical_structural,Mk01-1801-6,Mk01,"(0.5, 6, 4)",0.00034559790900952087
hierarchical_structural,Mk01-1801-7,Mk01,"(0.5, 3, 4)",0.0003010530253329197
hierarchical_structural,Mk01-1801-8,Mk01,"(0.25, 3, 4)",0.0025683489149366102
hierarchical_structural,Mk01-1801-9,Mk01,"(0.25, 5, 4)",0.00027175803008218217
hierarchical_structural,Mk02-1401-0,Mk02,"(0.25, 5, 4)",0.003452667457431366
hierarchical_structural,Mk02-1401-1,Mk02,"(0.5, 6, 4)",7.481258889943882e-05
hierarchical_structural,Mk02-1401-10,Mk02,"(0.5, 5, 12)",0.0002198341558033346
hierarchical_structural,Mk02-1401-11,Mk02,"(0.25, 3, 4)",0.0008684989020128766
hierarchical_structural,Mk02-1401-12,Mk02,"(0.5, 5, 4)",0.0
hierarchical_structural,Mk02-1401-13,Mk02,"(0.25, 3, 12)",0.0006387909864280631
hierarchical_structural,Mk02-1401-14,Mk02,"(0.5, 5, 4)",0.00025362138504906933
hierarchical_structural,Mk02-1401-15,Mk02,"(0.25, 3, 12)",0.00043030151833772085
hierarchical_structural,Mk02-1401-16,Mk02,"(0.25, 3, 12)",0.00042012851189755177
hierarchical_structural,Mk02-1401-17,Mk02,"(0.5, 3, 4)",0.00020046058601429326
hierarchical_structural,Mk02-1401-18,Mk02,"(0.25, 3, 4)",0.00014248302151909694
hierarchical_structural,Mk02-1401-19,Mk02,"(0.25, 3, 4)",0.00032107934827825795
hierarchical_structural,Mk02-1401-2,Mk02,"(0.5, 6, 4)",7.481258889943882e-05
hierarchical_structural,Mk02-1401-3,Mk02,"(0.5, 3, 4)",0.0005631550318056212
hierarchical_structural,Mk02-1401-4,Mk02,"(0.25, 5, 4)",0.006217407690913496
hierarchical_structural,Mk02-1401-5,Mk02,"(0.25, 3, 4)",0.0008854118719072916
hierarchical_structural,Mk02-1401-6,Mk02,"(0.5, 5, 12)",0.0004854002687815942
hierarchical_structural,Mk02-1401-7,Mk02,"(0.5, 3, 4)",0.0014203268559818231
hierarchical_structural,Mk02-1401-8,Mk02,"(0.25, 3, 4)",1.532002741800394e-05
hierarchical_structural,Mk02-1401-9,Mk02,"(0.25, 3, 4)",2.257202275967457e-05
hierarchical_structural,Mk02-1601-0,Mk02,"(0.5, 6, 4)",0.0
hierarchical_structural,Mk02-1601-1,Mk02,"(0.5, 3, 4)",0.0010391440991946747
hierarchical_structural,Mk02-1601-10,Mk02,"(0.25, 5, 4)",0.0033716979388068217
hierarchical_structural,Mk02-1601-11,Mk02,"(0.25, 3, 4)",0.0010427464540469994
hierarchical_structural,Mk02-1601-12,Mk02,"(0.25, 3, 12)",0.0006920815209878178
hierarchical_structural,Mk02-1601-13,Mk02,"(0.25, 3, 12)",5.040072323728278e-05
hierarchical_structural,Mk02-1601-14,Mk02,"(0.25, 3, 4)",0.0008406688194969589
hierarchical_structural,Mk02-1601-15,Mk02,"(0.25, 3, 4)",0.0001084535825628338
hierarchical_structural,Mk02-1601-16,Mk02,"(0.25, 3, 4)",0.0011168865532676137
hierarchical_structural,Mk02-1601-17,Mk02,"(0.25, 3, 4)",0.001493043097046899
hierarchical_structural,Mk02-1601-18,Mk02,"(0.25, 3, 4)",0.000733939181358803
hierarchical_structural,Mk02-1601-19,Mk02,"(0.25, 3, 4)",0.0011168865532676137
hierarchical_structural,Mk02-1601-2,Mk02,"(0.5, 3, 4)",0.0007555335207973294
hierarchical_structural,Mk02-1601-3,Mk02,"(0.5, 3, 4)",9.84901921626299e-05
hierarchical_structural,Mk02-1601-4,Mk02,"(0.25, 3, 12)",0.001141587790905313
hierarchical_structural,Mk02-1601-5,Mk02,"(0.5, 3, 4)",0.0014183152553523478
hierarchical_structural,Mk02-1601-6,Mk02,"(0.25, 3, 4)",0.0002115396566566021
hierarchical_structural,Mk02-1601-7,Mk02,"(0.25, 3, 12)",0.0010063987254228502
hierarchical_structural,Mk02-1601-8,Mk02,"(0.5, 5, 4)",0.0021322738780882866
hierarchical_structural,Mk02-1601-9,Mk02,"(0.25, 5, 4)",0.0008372125877790777
hierarchical_structural,Mk02-1801-0,Mk02,"(0.5, 6, 4)",0.0
hierarchical_structural,Mk02-1801-1,Mk02,"(0.25, 3, 4)",0.004405559163730029
hierarchical_structural,Mk02-1801-10,Mk02,"(0.25, 3, 4)",0.001529382661740901
hierarchical_structural,Mk02-1801-11,Mk02,"(0.25, 3, 4)",0.0016463765053816777
hierarchical_structural,Mk02-1801-12,Mk02,"(0.5, 3, 4)",0.0023774792364739776
hierarchical_structural,Mk02-1801-13,Mk02,"(0.25, 3, 4)",0.00021127667291374842
hierarchical_structural,Mk02-1801-14,Mk02,"(0.25, 3, 12)",0.0010377571691265856
hierarchical_structural,Mk02-1801-15,Mk02,"(0.25, 3, 4)",0.0010179717431184686
hierarchical_structural,Mk02-1801-16,Mk02,"(0.25, 3, 12)",0.0004718497834940901
hierarchical_structural,Mk02-1801-17,Mk02,"(0.25, 3, 12)",0.0006757148947543339
hierarchical_structural,Mk02-1801-18,Mk02,"(0.25, 3, 4)",0.00015883724099765152
hierarchical_structural,Mk02-1801-19,Mk02,"(0.25, 3, 4)",0.0019412466093623828
hierarchical_structural,Mk02-1801-2,Mk02,"(0.25, 3, 4)",0.004060454839329821
hierarchical_structural,Mk02-1801-3,Mk02,"(0.25, 3, 4)",0.0005409420988978515
hierarchical_structural,Mk02-1801-4,Mk02,"(0.25, 3, 4)",0.0006564190165447333
hierarchical_structural,Mk02-1801-5,Mk02,"(0.5, 3, 4)",0.0017252309509771407
hierarchical_structural,Mk02-1801-6,Mk02,"(0.25, 3, 4)",0.0033735848161168375
hierarchical_structural,Mk02-1801-7,Mk02,"(0.25, 3, 4)",0.0010765552571761954
hierarchical_structural,Mk02-1801-8,Mk02,"(0.25, 5, 4)",0.0
hierarchical_structural,Mk02-1801-9,Mk02,"(0.5, 3, 12)",0.0014350985917691431
hierarchical_structural,Mk03-1401-0,Mk03,"(0.5, 5, 4)",0.0011251541534525963
hierarchical_structural,Mk03-1401-1,Mk03,"(0.25, 3, 4)",0.0012498164418264176
hierarchical_structural,Mk03-1401-10,Mk03,"(0.5, 3, 4)",0.001031341312955449
hierarchical_structural,Mk03-1401-11,Mk03,"(0.5, 3, 4)",0.00033880972360516063
hierarchical_structural,Mk03-1401-12,Mk03,"(0.5, 3, 4)",0.0003286682900757777
hierarchical_structural,Mk03-1401-13,Mk03,"(0.5, 5, 4)",0.0
hierarchical_structural,Mk03-1401-14,Mk03,"(0.5, 5, 4)",0.0
hierarchical_structural,Mk03-1401-15,Mk03,"(0.5, 5, 4)",0.0
hierarchical_structural,Mk03-1401-16,Mk03,"(0.5, 5, 4)",0.0
hierarchical_structural,Mk03-1401-17,Mk03,"(0.5, 5, 12)",0.00023895319589994885
hierarchical_structural,Mk03-1401-18,Mk03,"(0.5, 5, 4)",0.0
hierarchical_structural,Mk03-1401-19,Mk03,"(0.5, 5, 4)",0.0
hierarchical_structural,Mk03-1401-2,Mk03,"(0.25, 3, 4)",0.0007246135887387017
hierarchical_structural,Mk03-1401-3,Mk03,"(0.5, 3, 4)",0.0008507203951172899
hierarchical_structural,Mk03-1401-4,Mk03,"(0.5, 3, 4)",0.000500790839763027
hierarchical_structural,Mk03-1401-5,Mk03,"(0.5, 6, 4)",0.0
hierarchical_structural,Mk03-1401-6,Mk03,"(0.5, 3, 4)",0.000461996354569843
hierarchical_structural,Mk03-1401-7,Mk03,"(0.5, 5, 4)",0.0003851365808976478
hierarchical_structural,Mk03-1401-8,Mk03,"(0.5, 5, 4)",0.00016555703362007373
hierarchical_structural,Mk03-1401-9,Mk03,"(0.5, 6, 4)",5.160625089601018e-05
hierarchical_structural,Mk03-1601-0,Mk03,"(0.5, 5, 4)",0.0016188761323790964
hierarchical_structural,Mk03-1601-1,Mk03,"(0.25, 5, 4)",0.0008675600717377285
hierarchical_structural,Mk03-1601-10,Mk03,"(0.5, 6, 4)",0.0
hierarchical_structural,Mk03-1601-11,Mk03,"(0.5, 6, 4)",0.0013671031296314698
hierarchical_structural,Mk03-1601-12,Mk03,"(0.5, 6, 4)",0.0
hierarchical_structural,Mk03-1601-13,Mk03,"(0.5, 6, 4)",0.0
hierarchical_structural,Mk03-1601-14,Mk03,"(0.5, 6, 4)",0.0
hierarchical_structural,Mk03-1601-15,Mk03,"(0.5, 6, 4)",0.0
hierarchical_structural,Mk03-1601-16,Mk03,"(0.5, 6, 4)",0.0
hierarchical_structural,Mk03-1601-17,Mk03,"(0.5, 6, 4)",0.0
hierarchical_structural,Mk03-1601-18,Mk03,"(0.5, 6, 4)",0.0
hierarchical_structural,Mk03-1601-19,Mk03,"(0.5, 6, 4)",0.0
hierarchical_structural,Mk03-1601-2,Mk03,"(0.5, 3, 4)",0.0002267053951284328
hierarchical_structural,Mk03-1601-3,Mk03,"(0.5, 3, 4)",0.0003326400501471995
hierarchical_structural,Mk03-1601-4,Mk03,"(0.5, 3, 4)",0.0006103868669000557
hierarchical_structural,Mk03-1601-5,Mk03,"(0.5, 3, 4)",0.00038742984570739334
hierarchical_structural,Mk03-1601-6,Mk03,"(0.5, 3, 4)",0.00026694383792971277
hierarchical_structural,Mk03-1601-7,Mk03,"(0.5, 3, 4)",0.00012336578282842064
hierarchical_structural,Mk03-1601-8,Mk03,"(0.5, 3, 4)",0.00022122450063594775
hierarchical_structural,Mk03-1601-9,Mk03,"(0.5, 6, 4)",0.0
hierarchical_structural,Mk03-1801-0,Mk03,"(0.5, 5, 4)",0.0012290558462275598
hierarchical_structural,Mk03-1801-1,Mk03,"(0.5, 3, 4)",0.00011048046655698384
hierarchical_structural,Mk03-1801-10,Mk03,"(0.5, 3, 4)",9.585391707152106e-05
hierarchical_structural,Mk03-1801-11,Mk03,"(0.5, 3, 4)",0.000372368516342504
hierarchical_structural,Mk03-1801-12,Mk03,"(0.5, 3, 4)",0.000193129834406932
hierarchical_structural,Mk03-1801-13,Mk03,"(0.5, 5, 4)",0.00027503547876701786
hierarchical_structural,Mk03-1801-14,Mk03,"(0.5, 5, 4)",0.00013194296345486202
hierarchical_structural,Mk03-1801-15,Mk03,"(0.5, 5, 4)",0.00028156915979174707
hierarchical_structural,Mk03-1801-16,Mk03,"(0.5, 5, 4)",9.84020746043156e-05
hierarchical_structural,Mk03-1801-17,Mk03,"(0.25, 3, 4)",0.0002854466074383179
hierarchical_structural,Mk03-1801-18,Mk03,"(0.25, 3, 4)",0.0002498977248630817
hierarchical_structural,Mk03-1801-19,Mk03,"(0.25, 3, 4)",0.0005769250287859823
hierarchical_structural,Mk03-1801-2,Mk03,"(0.5, 3, 4)",0.0001851527684477367
hierarchical_structural,Mk03-1801-3,Mk03,"(0.5, 6, 4)",7.675734409838542e-05
hierarchical_structural,Mk03-1801-4,Mk03,"(0.5, 6, 4)",0.0
hierarchical_structural,Mk03-1801-5,Mk03,"(0.5, 6, 4)",0.0
hierarchical_structural,Mk03-1801-6,Mk03,"(0.5, 6, 4)",0.0
hierarchical_structural,Mk03-1801-7,Mk03,"(0.5, 6, 4)",0.0
hierarchical_structural,Mk03-1801-8,Mk03,"(0.5, 3, 4)",0.0005447060627152046
hierarchical_structural,Mk03-1801-9,Mk03,"(0.5, 6, 4)",0.0
hierarchical_structural,Mk04-1401-0,Mk04,"(0.5, 6, 4)",0.0
hierarchical_structural,Mk04-1401-1,Mk04,"(0.5, 3, 4)",0.0013039915720658318
hierarchical_structural,Mk04-1401-10,Mk04,"(0.5, 5, 12)",0.00016451225944360366
hierarchical_structural,Mk04-1401-11,Mk04,"(0.25, 3, 4)",0.000828384094653636
hierarchical_structural,Mk04-1401-12,Mk04,"(0.5, 5, 12)",4.1074405305134174e-05
hierarchical_structural,Mk04-1401-13,Mk04,"(0.25, 5, 12)",0.00019464468650374545
hierarchical_structural,Mk04-1401-14,Mk04,"(0.25, 3, 4)",0.0005781102202144803
hierarchical_structural,Mk04-1401-15,Mk04,"(0.25, 3, 4)",0.0006400671939520944
hierarchical_structural,Mk04-1401-16,Mk04,"(0.25, 3, 4)",8.039451927350583e-05
hierarchical_structural,Mk04-1401-17,Mk04,"(0.25, 3, 4)",0.0006566859730700902
hierarchical_structural,Mk04-1401-18,Mk04,"(0.5, 5, 12)",8.901873280232116e-05
hierarchical_structural,Mk04-1401-19,Mk04,"(0.25, 3, 4)",0.0006345216931474766
hierarchical_structural,Mk04-1401-2,Mk04,"(0.25, 3, 4)",0.0004335397457083314
hierarchical_structural,Mk04-1401-3,Mk04,"(0.5, 3, 4)",0.0016085319706235575
hierarchical_structural,Mk04-1401-4,Mk04,"(0.5, 3, 4)",0.0006126502405814404
hierarchical_structural,Mk04-1401-5,Mk04,"(0.25, 3, 4)",0.0006541155692031582
hierarchical_structural,Mk04-1401-6,Mk04,"(0.25, 3, 4)",0.0008057873006482371
hierarchical_structural,Mk04-1401-7,Mk04,"(0.25, 3, 4)",0.00208065087016126
hierarchical_structural,Mk04-1401-8,Mk04,"(0.5, 3, 4)",0.00036647245614793763
hierarchical_structural,Mk04-1401-9,Mk04,"(0.5, 3, 4)",0.0012953877183291013
hierarchical_structural,Mk04-1601-0,Mk04,"(0.25, 3, 4)",0.0023667723886810522
hierarchical_structural,Mk04-1601-1,Mk04,"(0.25, 5, 4)",0.0028017333515242275
hierarchical_structural,Mk04-1601-10,Mk04,"(0.25, 3, 4)",0.00045119536367323665
hierarchical_structural,Mk04-1601-11,Mk04,"(0.25, 3, 4)",0.0019228299842160164
hierarchical_structural,Mk04-1601-12,Mk04,"(0.5, 3, 4)",0.0005363342191934636
hierarchical_structural,Mk04-1601-13,Mk04,"(0.5, 3, 4)",0.0003180021090478909
hierarchical_structural,Mk04-1601-14,Mk04,"(0.5, 3, 4)",0.0006674555080432602
hierarchical_structural,Mk04-1601-15,Mk04,"(0.5, 3, 4)",0.0009988872958900464
hierarchical_structural,Mk04-1601-16,Mk04,"(0.5, 3, 4)",0.00034789466184145215
hierarchical_structural,Mk04-1601-17,Mk04,"(0.5, 5, 12)",0.00013515883237429625
hierarchical_structural,Mk04-1601-18,Mk04,"(0.25, 3, 4)",1.995131770426311e-05
hierarchical_structural,Mk04-1601-19,Mk04,"(0.25, 3, 4)",0.0011623082487642608
hierarchical_structural,Mk04-1601-2,Mk04,"(0.25, 3, 4)",0.0004621287366177486
hierarchical_structural,Mk04-1601-3,Mk04,"(0.25, 3, 4)",0.001119699182984835
hierarchical_structural,Mk04-1601-4,Mk04,"(0.5, 3, 4)",0.00035010150934428833
hierarchical_structural,Mk04-1601-5,Mk04,"(0.25, 6, 4)",0.003180200962631882
hierarchical_structural,Mk04-1601-6,Mk04,"(0.5, 6, 4)",0.00012204287343954307
hierarchical_structural,Mk04-1601-7,Mk04,"(0.5, 5, 4)",0.00024647948534768324
hierarchical_structural,Mk04-1601-8,Mk04,"(0.5, 3, 4)",0.000528232697035149
hierarchical_structural,Mk04-1601-9,Mk04,"(0.5, 3, 4)",0.0019707512461235614
hierarchical_structural,Mk04-1801-0,Mk04,"(0.25, 6, 4)",0.0
hierarchical_structural,Mk04-1801-1,Mk04,"(0.25, 5, 4)",0.002730411194819122
hierarchical_structural,Mk04-1801-10,Mk04,"(0.25, 3, 4)",0.00089022875405388
hierarchical_structural,Mk04-1801-11,Mk04,"(0.25, 3, 4)",0.0008341090308901888
hierarchical_structural,Mk04-1801-12,Mk04,"(0.25, 3, 4)",0.0004645945195466015
hierarchical_structural,Mk04-1801-13,Mk04,"(0.25, 3, 4)",0.0007804698919224823
hierarchical_structural,Mk04-1801-14,Mk04,"(0.5, 5, 12)",5.0878102014211324e-05
hierarchical_structural,Mk04-1801-15,Mk04,"(0.25, 3, 12)",0.0005122858798763237
hierarchical_structural,Mk04-1801-16,Mk04,"(0.25, 3, 4)",0.0005514016090037847
hierarchical_structural,Mk04-1801-17,Mk04,"(0.25, 3, 12)",0.00011812947479317175
hierarchical_structural,Mk04-1801-18,Mk04,"(0.25, 3, 4)",0.0002744972296724244
hierarchical_structural,Mk04-1801-19,Mk04,"(0.25, 3, 12)",0.0002770334414352952
hierarchical_structural,Mk04-1801-2,Mk04,"(0.25, 5, 4)",0.001317960959254696
hierarchical_structural,Mk04-1801-3,Mk04,"(0.5, 5, 4)",0.001347958176566704
hierarchical_structural,Mk04-1801-4,Mk04,"(0.5, 5, 4)",8.510125213585101e-05
hierarchical_structural,Mk04-1801-5,Mk04,"(0.5, 5, 4)",0.0002780944014320317
hierarchical_structural,Mk04-1801-6,Mk04,"(0.5, 5, 4)",2.799450797904982e-05
hierarchical_structural,Mk04-1801-7,Mk04,"(0.5, 3, 4)",0.0007741845736170603
hierarchical_structural,Mk04-1801-8,Mk04,"(0.5, 5, 4)",0.0007839216905352394
hierarchical_structural,Mk04-1801-9,Mk04,"(0.25, 5, 4)",0.0017471854348022559
hierarchical_structural,Mk05-1401-0,Mk05,"(0.25, 3, 4)",0.0013001870621614426
hierarchical_structural,Mk05-1401-1,Mk05,"(0.25, 3, 4)",7.618941886778328e-05
hierarchical_structural,Mk05-1401-10,Mk05,"(0.25, 3, 4)",0.00039343651277929954
hierarchical_structural,Mk05-1401-11,Mk05,"(0.5, 3, 4)",0.0004629266263791634
hierarchical_structural,Mk05-1401-12,Mk05,"(0.25, 5, 4)",2.1763668464726445e-05
hierarchical_structural,Mk05-1401-13,Mk05,"(0.25, 5, 4)",0.00014280658348084967
hierarchical_structural,Mk05-1401-14,Mk05,"(0.25, 3, 4)",0.0010674211089937297
hierarchical_structural,Mk05-1401-15,Mk05,"(0.5, 3, 4)",0.0007553318216607131
hierarchical_structural,Mk05-1401-16,Mk05,"(0.5, 3, 4)",0.00017499092936245231
hierarchical_structural,Mk05-1401-17,Mk05,"(0.5, 3, 4)",0.00037515458124037695
hierarchical_structural,Mk05-1401-18,Mk05,"(0.5, 3, 4)",0.0007429211619461595
hierarchical_structural,Mk05-1401-19,Mk05,"(0.5, 3, 4)",0.0006781257902933515
hierarchical_structural,Mk05-1401-2,Mk05,"(0.25, 3, 4)",0.0009311102695722356
hierarchical_structural,Mk05-1401-3,Mk05,"(0.5, 3, 4)",0.0005136100102131893
hierarchical_structural,Mk05-1401-4,Mk05,"(0.5, 3, 4)",0.0017209931425064026
hierarchical_structural,Mk05-1401-5,Mk05,"(0.25, 3, 12)",0.000556233093020311
hierarchical_structural,Mk05-1401-6,Mk05,"(0.25, 3, 4)",0.000832755174777061
hierarchical_structural,Mk05-1401-7,Mk05,"(0.25, 3, 4)",0.0005791327739580231
hierarchical_structural,Mk05-1401-8,Mk05,"(0.25, 3, 4)",0.0007022080908319021
hierarchical_structural,Mk05-1401-9,Mk05,"(0.25, 3, 4)",0.00031801808693603865
hierarchical_structural,Mk05-1601-0,Mk05,"(0.5, 3, 4)",0.0020698291510278365
hierarchical_structural,Mk05-1601-1,Mk05,"(0.25, 3, 4)",0.0017862408953785826
hierarchical_structural,Mk05-1601-10,Mk05,"(0.25, 3, 4)",0.0008381831703594988
hierarchical_structural,Mk05-1601-11,Mk05,"(0.25, 3, 4)",0.0013310821323447275
hierarchical_structural,Mk05-1601-12,Mk05,"(0.5, 3, 4)",0.0014138197200531974
hierarchical_structural,Mk05-1601-13,Mk05,"(0.25, 5, 4)",0.00016677797481166878
hierarchical_structural,Mk05-1601-14,Mk05,"(0.5, 3, 4)",0.00012609250203625367
hierarchical_structural,Mk05-1601-15,Mk05,"(0.25, 5, 4)",0.00012385958782759024
hierarchical_structural,Mk05-1601-16,Mk05,"(0.25, 3, 4)",7.388856554392965e-05
hierarchical_structural,Mk05-1601-17,Mk05,"(0.25, 3, 4)",5.6262179539515915e-05
hierarchical_structural,Mk05-1601-18,Mk05,"(0.25, 3, 4)",0.0005028613357720331
hierarchical_structural,Mk05-1601-19,Mk05,"(0.25, 3, 4)",1.1657519605832306e-05
hierarchical_structural,Mk05-1601-2,Mk05,"(0.25, 5, 4)",0.002514461674715465
hierarchical_structural,Mk05-1601-3,Mk05,"(0.25, 3, 4)",0.0007496494391644344
hierarchical_structural,Mk05-1601-4,Mk05,"(0.25, 3, 4)",0.000514657511830602
hierarchical_structural,Mk05-1601-5,Mk05,"(0.25, 5, 4)",0.002303189845121048
hierarchical_structural,Mk05-1601-6,Mk05,"(0.25, 3, 4)",0.0013777584227298802
hierarchical_structural,Mk05-1601-7,Mk05,"(0.25, 5, 4)",0.0
hierarchical_structural,Mk05-1601-8,Mk05,"(0.5, 3, 4)",0.0004738807383249139
hierarchical_structural,Mk05-1601-9,Mk05,"(0.25, 3, 4)",0.0004649353539273155
hierarchical_structural,Mk05-1801-0,Mk05,"(0.5, 5, 4)",0.0012029749713806503
hierarchical_structural,Mk05-1801-1,Mk05,"(0.5, 5, 4)",0.00010696317536577232
hierarchical_structural,Mk05-1801-10,Mk05,"(0.25, 5, 4)",5.756424209193154e-06
hierarchical_structural,Mk05-1801-11,Mk05,"(0.25, 5, 4)",0.00011228416461859072
hierarchical_structural,Mk05-1801-12,Mk05,"(0.25, 3, 12)",0.00014614014767306234
hierarchical_structural,Mk05-1801-13,Mk05,"(0.25, 3, 12)",0.00014614014767306234
hierarchical_structural,Mk05-1801-14,Mk05,"(0.25, 3, 4)",0.00011022156432709718
hierarchical_structural,Mk05-1801-15,Mk05,"(0.25, 3, 4)",0.00011022156432709718
hierarchical_structural,Mk05-1801-16,Mk05,"(0.25, 3, 4)",0.0
hierarchical_structural,Mk05-1801-17,Mk05,"(0.25, 3, 4)",0.0005238193942760053
hierarchical_structural,Mk05-1801-18,Mk05,"(0.25, 3, 4)",0.00039774041134398724
hierarchical_structural,Mk05-1801-19,Mk05,"(0.5, 3, 4)",2.560201066637859e-05
hierarchical_structural,Mk05-1801-2,Mk05,"(0.5, 6, 4)",0.0
hierarchical_structural,Mk05-1801-3,Mk05,"(0.5, 5, 12)",0.0012734338192205653
hierarchical_structural,Mk05-1801-4,Mk05,"(0.25, 3, 4)",0.0004538420904704359
hierarchical_structural,Mk05-1801-5,Mk05,"(0.25, 3, 4)",0.0008354781899817634
hierarchical_structural,Mk05-1801-6,Mk05,"(0.25, 5, 4)",7.41127730471225e-05
hierarchical_structural,Mk05-1801-7,Mk05,"(0.25, 5, 4)",0.0006943260354245503
hierarchical_structural,Mk05-1801-8,Mk05,"(0.25, 5, 4)",0.0018064557356512081
hierarchical_structural,Mk05-1801-9,Mk05,"(0.25, 5, 4)",0.002849699994128715
hierarchical_structural,Mk06-1401-0,Mk06,"(0.5, 5, 4)",0.0008833761842693885
hierarchical_structural,Mk06-1401-1,Mk06,"(0.5, 6, 4)",0.0
hierarchical_structural,Mk06-1401-10,Mk06,"(0.5, 3, 4)",0.0008888741144328846
hierarchical_structural,Mk06-1401-11,Mk06,"(0.5, 3, 4)",0.00013586447778224028
hierarchical_structural,Mk06-1401-12,Mk06,"(0.5, 3, 4)",0.0008047087693546623
hierarchical_structural,Mk06-1401-13,Mk06,"(0.5, 3, 4)",0.0004216702532225194
hierarchical_structural,Mk06-1401-14,Mk06,"(0.25, 3, 4)",0.0005884083888618558
hierarchical_structural,Mk06-1401-15,Mk06,"(0.5, 3, 4)",0.000180914541366107
hierarchical_structural,Mk06-1401-16,Mk06,"(0.5, 3, 4)",2.0951275190625018e-06
hierarchical_structural,Mk06-1401-17,Mk06,"(0.5, 3, 4)",0.0003273718562409381
hierarchical_structural,Mk06-1401-18,Mk06,"(0.5, 3, 4)",0.0002642432150535873
hierarchical_structural,Mk06-1401-19,Mk06,"(0.5, 3, 4)",0.0002565232874847084
hierarchical_structural,Mk06-1401-2,Mk06,"(0.5, 6, 4)",0.0
hierarchical_structural,Mk06-1401-3,Mk06,"(0.25, 5, 4)",0.0005707018754733759
hierarchical_structural,Mk06-1401-4,Mk06,"(0.5, 5, 4)",4.7144798791430836e-05
hierarchical_structural,Mk06-1401-5,Mk06,"(0.25, 3, 4)",0.0009762823281149848
hierarchical_structural,Mk06-1401-6,Mk06,"(0.25, 3, 4)",0.0004694404814469971
hierarchical_structural,Mk06-1401-7,Mk06,"(0.5, 5, 4)",0.00019617109899118957
hierarchical_structural,Mk06-1401-8,Mk06,"(0.5, 5, 4)",0.0
hierarchical_structural,Mk06-1401-9,Mk06,"(0.5, 5, 4)",0.00012743765468839203
hierarchical_structural,Mk06-1601-0,Mk06,"(0.5, 5, 4)",0.00044151830391992103
hierarchical_structural,Mk06-1601-1,Mk06,"(0.5, 3, 4)",0.0006320427110241729
hierarchical_structural,Mk06-1601-10,Mk06,"(0.5, 3, 4)",0.000439351700876966
hierarchical_structural,Mk06-1601-11,Mk06,"(0.5, 6, 4)",0.0
hierarchical_structural,Mk06-1601-12,Mk06,"(0.5, 3, 4)",0.00022288668563932466
hierarchical_structural,Mk06-1601-13,Mk06,"(0.5, 3, 4)",0.00018019058581838555
hierarchical_structural,Mk06-1601-14,Mk06,"(0.25, 3, 4)",0.00043978231680613764
hierarchical_structural,Mk06-1601-15,Mk06,"(0.25, 3, 4)",1.8682310063242126e-05
hierarchical_structural,Mk06-1601-16,Mk06,"(0.25, 3, 4)",0.0003301911502182533
hierarchical_structural,Mk06-1601-17,Mk06,"(0.25, 3, 4)",0.00043852214208182526
hierarchical_structural,Mk06-1601-18,Mk06,"(0.25, 3, 4)",3.914349899801451e-06
hierarchical_structural,Mk06-1601-19,Mk06,"(0.25, 3, 4)",0.0001402193334341707
hierarchical_structural,Mk06-1601-2,Mk06,"(0.5, 3, 4)",0.00017485198958933144
hierarchical_structural,Mk06-1601-3,Mk06,"(0.5, 3, 4)",0.0015813274115507275
hierarchical_structural,Mk06-1601-4,Mk06,"(0.5, 5, 4)",0.0006965729950886264
hierarchical_structural,Mk06-1601-5,Mk06,"(0.5, 5, 4)",0.0007538757579984682
hierarchical_structural,Mk06-1601-6,Mk06,"(0.5, 5, 4)",0.0009588644184274997
hierarchical_structural,Mk06-1601-7,Mk06,"(0.5, 5, 4)",3.3679529231234575e-05
hierarchical_structural,Mk06-1601-8,Mk06,"(0.5, 5, 4)",0.0003782901135517677
hierarchical_structural,Mk06-1601-9,Mk06,"(0.5, 5, 4)",0.00014354520850753342
hierarchical_structural,Mk06-1801-0,Mk06,"(0.5, 5, 4)",0.0010304592093669054
hierarchical_structural,Mk06-1801-1,Mk06,"(0.25, 3, 4)",0.0011410028088538935
hierarchical_structural,Mk06-1801-10,Mk06,"(0.25, 3, 4)",0.0003692634819154074
hierarchical_structural,Mk06-1801-11,Mk06,"(0.25, 5, 4)",0.000445041166525632
hierarchical_structural,Mk06-1801-12,Mk06,"(0.25, 3, 4)",0.00034589345401624897
hierarchical_structural,Mk06-1801-13,Mk06,"(0.25, 3, 4)",0.0003640476207456302
hierarchical_structural,Mk06-1801-14,Mk06,"(0.25, 5, 4)",0.00011827164137579349
hierarchical_structural,Mk06-1801-15,Mk06,"(0.25, 5, 4)",0.0
hierarchical_structural,Mk06-1801-16,Mk06,"(0.25, 3, 4)",0.00056769565980085
hierarchical_structural,Mk06-1801-17,Mk06,"(0.25, 3, 4)",0.0002547607641898437
hierarchical_structural,Mk06-1801-18,Mk06,"(0.25, 3, 4)",0.00032232116484386185
hierarchical_structural,Mk06-1801-19,Mk06,"(0.25, 3, 4)",0.0003173160073872898
hierarchical_structural,Mk06-1801-2,Mk06,"(0.5, 5, 4)",0.0007895881203445997
hierarchical_structural,Mk06-1801-3,Mk06,"(0.5, 5, 4)",0.000855503350904101
hierarchical_structural,Mk06-1801-4,Mk06,"(0.25, 3, 4)",0.0003050654781571833
hierarchical_structural,Mk06-1801-5,Mk06,"(0.25, 3, 4)",0.0007768180990801298
hierarchical_structural,Mk06-1801-6,Mk06,"(0.5, 5, 4)",0.00018871605042022617
hierarchical_structural,Mk06-1801-7,Mk06,"(0.5, 5, 4)",0.0002987963449090983
hierarchical_structural,Mk06-1801-8,Mk06,"(0.25, 5, 4)",0.0
hierarchical_structural,Mk06-1801-9,Mk06,"(0.5, 5, 4)",0.0005174975230574324
